Y-axis OBC magnetometer measure;
;
Value (mG);Satellite Timestamp (UTC)
-49.230770111083984;2022-04-03 02:30:09.771Z
-70;2022-04-03 02:30:39.895Z
-91.53845977783203;2022-04-03 02:31:10.033Z
-208.4615478515625;2022-04-04 02:17:15.561Z
-138.4615478515625;2022-04-04 02:18:45.956Z
-170.7692413330078;2022-04-04 02:19:16.069Z
-124.61538696289062;2022-04-04 02:23:01.073Z
31.538461685180664;2022-04-09 02:16:37.689Z
330;2022-04-09 04:24:56.518Z
250.7692413330078;2022-04-09 04:29:56.832Z
24.615385055541992;2022-04-14 02:19:33.351Z
57.69231033325195;2022-04-14 02:24:34.631Z
55.38461685180664;2022-04-14 02:25:04.755Z
146.1538543701172;2022-04-16 10:52:29.687Z
4.615384578704834;2022-04-19 12:58:33.946Z
282.3077087402344;2022-04-19 13:23:35.412Z
157.6923065185547;2022-04-19 13:33:35.965Z
159.23077392578125;2022-04-19 13:38:36.226Z
225.38461303710938;2022-04-19 13:53:37.072Z
202.3076934814453;2022-04-19 13:58:37.346Z
116.15384674072266;2022-04-19 14:08:37.928Z
57.69231033325195;2022-04-19 14:13:38.204Z
7.692307949066162;2022-04-19 14:18:38.500Z
15.384615898132324;2022-04-19 14:28:39.075Z
-12.307692527770996;2022-04-19 14:33:39.363Z
95.3846206665039;2022-04-19 14:38:39.685Z
260;2022-04-19 14:48:40.280Z
358.4615478515625;2022-04-19 14:53:40.542Z
240.7692413330078;2022-04-19 14:58:40.828Z
117.69230651855469;2022-04-19 15:08:41.399Z
137.6923065185547;2022-04-19 15:13:41.702Z
228.4615478515625;2022-04-19 15:18:42.054Z
0.7692307829856873;2022-04-20 02:01:57.453Z
176.92308044433594;2022-04-21 07:40:59.440Z
228.4615478515625;2022-04-21 07:56:00.269Z
76.92308044433594;2022-04-21 09:01:03.967Z
52.30769348144531;2022-04-24 02:29:45.562Z
51.5384635925293;2022-04-24 02:30:15.726Z
52.30769348144531;2022-04-24 02:30:45.874Z
66.15384674072266;2022-04-24 02:31:15.999Z
-15.384615898132324;2022-05-01 13:52:22.707Z
92.30769348144531;2022-05-20 06:54:44.622Z
99.23077392578125;2022-05-20 06:59:44.994Z
220.7692413330078;2022-05-20 07:09:45.154Z
265.3846130371094;2022-05-20 07:14:45.440Z
181.53846740722656;2022-05-20 07:19:45.692Z
296.1538391113281;2022-05-20 07:24:45.973Z
323.8461608886719;2022-05-20 07:29:46.262Z
238.4615478515625;2022-05-20 07:34:46.550Z
130.76922607421875;2022-05-20 07:39:46.821Z
85.3846206665039;2022-05-20 07:44:47.127Z
103.0769271850586;2022-05-20 07:49:47.408Z
85.3846206665039;2022-05-20 07:54:47.676Z
101.53845977783203;2022-05-20 07:59:47.979Z
153.84616088867188;2022-05-20 08:04:48.264Z
190;2022-05-20 08:09:48.581Z
127.69230651855469;2022-05-20 08:14:48.840Z
102.30769348144531;2022-05-20 08:19:49.128Z
86.92308044433594;2022-05-20 08:24:49.389Z
56.92307662963867;2022-05-20 08:29:49.691Z
76.15384674072266;2022-05-20 08:34:49.938Z
56.92307662963867;2022-05-20 08:39:50.230Z
126.92308044433594;2022-05-20 08:44:50.515Z
227.6923065185547;2022-05-20 08:49:50.772Z
302.3077087402344;2022-05-20 08:54:51.055Z
326.1538391113281;2022-05-20 08:59:51.366Z
201.53846740722656;2022-05-20 09:04:51.642Z
151.53846740722656;2022-05-20 09:09:51.949Z
110;2022-05-20 09:14:52.220Z
53.846153259277344;2022-05-20 09:19:52.496Z
56.153846740722656;2022-05-20 09:24:52.862Z
25.384614944458008;2022-05-20 09:29:53.052Z
74.61538696289062;2022-05-20 09:34:53.301Z
144.61538696289062;2022-05-20 09:39:53.598Z
233.84616088867188;2022-05-20 09:44:53.878Z
246.92308044433594;2022-05-20 09:49:54.158Z
180.7692413330078;2022-05-20 09:54:54.460Z
160.76922607421875;2022-05-20 09:59:54.736Z
108.46154022216797;2022-05-20 10:04:55.016Z
66.15384674072266;2022-05-20 10:09:55.321Z
67.69230651855469;2022-05-20 10:14:55.588Z
163.07691955566406;2022-05-20 10:19:55.871Z
228.4615478515625;2022-05-20 10:24:56.171Z
299.23077392578125;2022-05-20 10:29:56.465Z
315.3846130371094;2022-05-20 10:34:56.772Z
248.4615478515625;2022-05-20 10:39:57.064Z
180;2022-05-20 10:44:57.363Z
126.92308044433594;2022-05-20 10:49:57.685Z
84.61538696289062;2022-05-20 10:54:57.948Z
77.69230651855469;2022-05-20 10:59:58.231Z
129.23077392578125;2022-05-20 11:14:59.082Z
211.53846740722656;2022-05-20 11:19:59.361Z
303.8461608886719;2022-05-20 11:24:59.662Z
219.23077392578125;2022-05-20 11:35:00.244Z
152.3076934814453;2022-05-20 11:40:00.556Z
215.38461303710938;2022-05-20 11:55:01.485Z
174.61538696289062;2022-05-25 03:26:27.152Z
-26.923076629638672;2022-05-25 03:31:27.461Z
2.307692289352417;2022-05-25 03:36:27.730Z
-13.84615421295166;2022-05-25 03:41:28.039Z
6.153846263885498;2022-05-25 03:46:28.300Z
42.30769348144531;2022-05-25 03:51:28.617Z
37.69230651855469;2022-05-25 03:56:28.864Z
192.3076934814453;2022-05-25 04:06:29.448Z
276.1538391113281;2022-05-25 04:16:29.972Z
11.538461685180664;2022-05-25 14:07:26.869Z
6.153846263885498;2022-05-25 14:07:57.023Z
26.153846740722656;2022-05-25 14:08:27.149Z
19.230770111083984;2022-05-25 14:08:57.288Z
-13.076923370361328;2022-05-25 14:09:27.412Z
-32.30769348144531;2022-05-25 14:09:57.550Z
176.1538543701172;2022-05-26 02:42:47.132Z
260;2022-05-26 03:52:50.748Z
336.923095703125;2022-05-26 03:57:51.054Z
223.07691955566406;2022-05-26 04:02:51.357Z
253.07693481445312;2022-05-26 04:07:51.651Z
176.92308044433594;2022-05-26 04:12:51.945Z
176.1538543701172;2022-05-26 04:17:52.233Z
140.76922607421875;2022-05-26 04:22:52.509Z
278.4615478515625;2022-05-26 04:27:52.817Z
115.3846206665039;2022-05-26 04:37:53.386Z
196.1538543701172;2022-05-26 04:42:53.654Z
130;2022-05-26 04:47:53.956Z
92.30769348144531;2022-05-26 04:52:54.273Z
58.46154022216797;2022-05-26 04:57:54.575Z
44.615386962890625;2022-05-26 05:02:54.854Z
146.1538543701172;2022-05-26 05:07:55.128Z
198.4615478515625;2022-05-26 05:12:55.418Z
223.84616088867188;2022-05-26 05:17:55.694Z
192.3076934814453;2022-05-26 05:22:55.977Z
320;2022-05-26 05:27:56.267Z
166.1538543701172;2022-05-26 05:32:56.573Z
302.3077087402344;2022-05-26 05:37:56.875Z
213.84616088867188;2022-05-26 05:42:57.245Z
144.61538696289062;2022-05-26 05:47:57.390Z
103.0769271850586;2022-05-26 05:52:57.671Z
156.1538543701172;2022-05-26 05:57:57.962Z
217.6923065185547;2022-05-26 06:02:58.264Z
196.92308044433594;2022-05-26 06:07:58.552Z
143.84616088867188;2022-05-26 06:12:58.851Z
174.61538696289062;2022-05-26 06:17:59.137Z
176.1538543701172;2022-05-26 06:22:59.441Z
142.3076934814453;2022-05-26 06:27:59.725Z
74.61538696289062;2022-05-26 06:32:59.994Z
93.0769271850586;2022-05-26 06:38:00.296Z
103.0769271850586;2022-05-26 06:43:00.560Z
268.4615478515625;2022-05-26 06:58:01.406Z
318.4615478515625;2022-05-26 07:03:01.707Z
270;2022-05-26 07:08:02.009Z
306.1538391113281;2022-05-26 07:13:02.302Z
190.7692413330078;2022-05-26 07:18:02.589Z
151.53846740722656;2022-05-26 07:43:04.062Z
210.7692413330078;2022-05-26 07:48:04.332Z
152.3076934814453;2022-05-26 07:53:04.616Z
132.3076934814453;2022-05-26 08:03:05.181Z
133.84616088867188;2022-05-26 08:08:05.437Z
68.46154022216797;2022-05-26 08:13:05.816Z
183.84616088867188;2022-05-26 08:23:06.226Z
173.07691955566406;2022-05-26 08:33:06.834Z
303.0769348144531;2022-05-26 08:38:07.149Z
206.92308044433594;2022-05-26 08:43:07.442Z
161.53846740722656;2022-05-26 08:48:07.734Z
103.0769271850586;2022-05-26 08:58:08.296Z
106.92308044433594;2022-05-26 09:03:08.583Z
80;2022-05-26 09:08:08.884Z
71.53845977783203;2022-05-26 09:13:09.168Z
147.6923065185547;2022-05-26 09:18:09.468Z
197.6923065185547;2022-05-26 09:33:10.291Z
221.53846740722656;2022-05-26 09:38:10.603Z
109.23077392578125;2022-05-26 09:43:10.857Z
66.92308044433594;2022-05-26 09:53:11.413Z
64.61538696289062;2022-05-26 09:58:11.690Z
216.1538543701172;2022-05-26 10:13:12.557Z
286.923095703125;2022-05-26 10:18:12.849Z
222.3076934814453;2022-05-26 10:23:13.122Z
58.46154022216797;2022-05-26 10:28:13.404Z
32.30769348144531;2022-05-26 10:33:13.706Z
16.923076629638672;2022-05-26 10:43:14.358Z
-9.230769157409668;2022-05-26 10:48:14.539Z
56.153846740722656;2022-05-26 10:53:14.843Z
296.923095703125;2022-05-26 11:03:15.415Z
235.38461303710938;2022-05-26 11:13:15.964Z
157.6923065185547;2022-05-26 11:18:16.250Z
78.46154022216797;2022-05-26 11:23:16.528Z
73.0769271850586;2022-05-26 11:33:17.140Z
269.23077392578125;2022-05-26 11:43:17.723Z
240;2022-05-26 11:48:18.039Z
286.1538391113281;2022-05-26 11:53:18.315Z
96.92308044433594;2022-05-26 12:03:18.915Z
80;2022-05-26 12:08:19.222Z
26.923076629638672;2022-05-26 12:13:19.518Z
25.384614944458008;2022-05-26 12:18:19.798Z
21.538461685180664;2022-05-26 12:23:20.131Z
33.07692337036133;2022-05-26 12:28:20.432Z
253.07693481445312;2022-05-26 12:38:21.024Z
331.5384826660156;2022-05-26 12:43:21.292Z
101.53845977783203;2022-05-26 12:53:21.856Z
107.69230651855469;2022-05-26 12:58:22.139Z
215.38461303710938;2022-05-26 13:08:22.761Z
168.4615478515625;2022-05-26 13:13:23.126Z
347.69232177734375;2022-05-26 13:18:23.333Z
230;2022-05-26 13:23:23.645Z
289.23077392578125;2022-05-26 13:28:23.913Z
148.4615478515625;2022-05-26 13:33:24.203Z
30;2022-05-26 13:38:24.496Z
30;2022-05-26 13:43:24.751Z
-6.153846263885498;2022-05-26 13:48:25.057Z
-13.84615421295166;2022-05-26 13:53:25.324Z
40.769229888916016;2022-05-26 13:58:25.624Z
286.923095703125;2022-05-26 14:23:27.021Z
110;2022-05-26 14:28:27.306Z
316.923095703125;2022-05-27 01:59:06.516Z
319.23077392578125;2022-05-27 02:04:06.781Z
253.07693481445312;2022-05-27 02:09:07.078Z
201.53846740722656;2022-05-27 02:14:07.028Z
136.1538543701172;2022-05-27 02:19:07.312Z
53.07692337036133;2022-05-28 01:15:25.921Z
30;2022-05-28 01:20:26.195Z
156.92308044433594;2022-05-28 01:25:26.470Z
220;2022-05-28 01:35:27.042Z
313.8461608886719;2022-05-28 01:40:27.373Z
173.84616088867188;2022-05-28 01:50:27.919Z
192.3076934814453;2022-05-28 01:55:28.214Z
170;2022-05-28 02:00:28.488Z
123.0769271850586;2022-05-28 02:05:28.779Z
331.5384826660156;2022-05-28 02:15:29.358Z
210.7692413330078;2022-05-28 03:00:31.950Z
299.23077392578125;2022-05-28 03:10:32.500Z
178.4615478515625;2022-05-28 03:15:32.797Z
311.5384521484375;2022-05-28 03:20:33.077Z
43.846153259277344;2022-05-29 00:47:36.235Z
45.38461685180664;2022-05-29 00:52:36.510Z
43.07692337036133;2022-05-29 00:57:36.797Z
50;2022-05-29 01:02:36.751Z
180;2022-05-29 01:07:37.153Z
258.4615478515625;2022-05-29 01:12:37.301Z
336.1538391113281;2022-05-29 01:22:37.845Z
248.4615478515625;2022-05-29 01:27:38.143Z
236.1538543701172;2022-05-29 01:32:38.438Z
176.92308044433594;2022-05-29 01:37:38.742Z
43.07692337036133;2022-05-29 02:27:41.615Z
78.46154022216797;2022-05-29 02:32:41.890Z
126.15384674072266;2022-05-29 02:37:42.176Z
201.53846740722656;2022-05-29 02:42:42.451Z
223.07691955566406;2022-05-29 02:57:43.313Z
318.4615478515625;2022-05-29 03:02:43.582Z
213.07691955566406;2022-05-29 03:07:43.861Z
133.84616088867188;2022-05-29 03:12:44.137Z
166.1538543701172;2022-05-29 03:17:44.423Z
228.4615478515625;2022-05-29 03:22:44.709Z
201.53846740722656;2022-05-29 03:27:45.003Z
304.6153869628906;2022-05-29 03:32:45.288Z
230.7692413330078;2022-05-29 03:37:45.661Z
173.84616088867188;2022-05-29 03:42:45.856Z
157.6923065185547;2022-05-29 03:47:46.117Z
102.30769348144531;2022-05-29 03:52:46.406Z
42.30769348144531;2022-05-29 03:57:46.691Z
34.615386962890625;2022-05-29 04:02:47.006Z
138.4615478515625;2022-05-29 04:12:47.619Z
269.23077392578125;2022-05-29 04:17:47.882Z
216.92308044433594;2022-05-29 04:22:48.199Z
319.23077392578125;2022-05-29 04:27:48.503Z
258.4615478515625;2022-05-29 04:32:48.784Z
318.4615478515625;2022-05-29 04:37:49.088Z
253.07693481445312;2022-05-29 04:42:49.365Z
150.76922607421875;2022-05-29 04:47:49.662Z
140.76922607421875;2022-05-29 04:52:49.947Z
230.7692413330078;2022-05-29 05:02:50.541Z
202.3076934814453;2022-05-29 05:07:50.830Z
254.61538696289062;2022-05-29 05:12:51.110Z
130.76922607421875;2022-05-29 05:22:51.697Z
282.3077087402344;2022-05-29 06:17:54.750Z
163.07691955566406;2022-05-29 06:22:55.017Z
83.0769271850586;2022-05-29 06:27:55.313Z
126.92308044433594;2022-05-29 06:32:55.617Z
180.7692413330078;2022-05-29 06:37:55.926Z
175.38461303710938;2022-05-29 06:42:56.223Z
206.92308044433594;2022-05-29 06:47:56.519Z
189.23077392578125;2022-05-29 06:52:56.802Z
179.23077392578125;2022-05-29 06:57:57.117Z
174.61538696289062;2022-05-29 07:02:57.398Z
114.61538696289062;2022-05-29 07:07:57.700Z
95.3846206665039;2022-05-29 07:12:57.978Z
98.46154022216797;2022-05-29 07:17:58.250Z
150.76922607421875;2022-05-29 07:22:58.533Z
255.38461303710938;2022-05-29 07:27:58.824Z
273.8461608886719;2022-05-29 07:32:59.079Z
340;2022-05-29 07:37:59.396Z
309.23077392578125;2022-05-29 07:42:59.681Z
288.4615478515625;2022-05-29 07:47:59.957Z
252.3076934814453;2022-05-29 07:53:00.235Z
141.53846740722656;2022-05-29 07:58:00.508Z
49.230770111083984;2022-05-29 08:03:00.775Z
100.76923370361328;2022-05-29 08:08:01.065Z
44.615386962890625;2022-05-29 08:13:01.339Z
100;2022-05-29 08:18:01.633Z
159.23077392578125;2022-05-29 08:23:01.927Z
204.61538696289062;2022-05-29 08:28:02.208Z
231.53846740722656;2022-05-29 08:33:02.501Z
163.07691955566406;2022-05-29 08:38:02.889Z
121.53846740722656;2022-05-29 08:58:03.841Z
219.23077392578125;2022-05-29 09:03:04.088Z
270;2022-05-29 09:08:04.393Z
267.69232177734375;2022-05-29 09:23:05.256Z
133.84616088867188;2022-05-29 09:33:05.847Z
153.07691955566406;2022-05-29 12:38:16.422Z
53.846153259277344;2022-05-29 12:51:37.886Z
55.38461685180664;2022-05-29 12:52:08.025Z
46.153846740722656;2022-05-29 12:52:38.146Z
36.92307662963867;2022-05-29 12:53:08.273Z
80.76923370361328;2022-05-29 13:03:17.954Z
198.4615478515625;2022-05-29 13:08:18.259Z
59.230770111083984;2022-05-29 14:24:01.787Z
44.615386962890625;2022-05-29 14:24:31.912Z
29.230770111083984;2022-05-29 14:25:02.044Z
12.307692527770996;2022-05-29 14:25:32.220Z
12.307692527770996;2022-05-29 14:26:02.337Z
273.0769348144531;2022-05-29 20:18:43.042Z
224.61538696289062;2022-05-29 20:23:43.320Z
246.92308044433594;2022-05-29 20:28:43.615Z
163.84616088867188;2022-05-29 20:33:43.897Z
65.38461303710938;2022-05-29 20:38:44.182Z
109.23077392578125;2022-05-29 20:43:44.466Z
133.07691955566406;2022-05-29 20:48:44.732Z
168.4615478515625;2022-05-29 20:53:45.020Z
308.4615478515625;2022-05-29 20:58:45.324Z
195.38461303710938;2022-05-29 21:03:45.590Z
206.92308044433594;2022-05-29 21:08:45.986Z
138.4615478515625;2022-05-29 21:13:46.123Z
99.23077392578125;2022-05-29 21:18:46.397Z
100;2022-05-29 21:23:46.684Z
116.92308044433594;2022-05-29 21:28:46.979Z
115.3846206665039;2022-05-29 21:33:47.274Z
220;2022-05-29 21:38:47.560Z
195.38461303710938;2022-05-29 21:43:47.870Z
292.3077087402344;2022-05-29 21:48:48.158Z
310.76922607421875;2022-05-29 21:53:48.430Z
258.4615478515625;2022-05-29 21:58:48.709Z
230;2022-05-29 22:03:48.987Z
266.1538391113281;2022-05-29 22:28:50.405Z
232.3076934814453;2022-05-29 22:38:50.972Z
187.6923065185547;2022-05-29 22:43:51.277Z
93.84615325927734;2022-05-29 22:48:51.567Z
85.3846206665039;2022-05-29 22:58:52.176Z
89.23077392578125;2022-05-29 23:03:52.468Z
167.6923065185547;2022-05-29 23:18:53.299Z
303.0769348144531;2022-05-29 23:28:53.839Z
193.07691955566406;2022-05-29 23:38:54.462Z
183.07691955566406;2022-05-29 23:53:55.148Z
206.92308044433594;2022-05-29 23:58:55.433Z
332.3077087402344;2022-05-30 00:03:55.671Z
153.84616088867188;2022-05-30 00:18:56.139Z
62.30769348144531;2022-05-30 00:28:56.695Z
67.69230651855469;2022-05-30 00:33:56.971Z
52.30769348144531;2022-05-30 00:38:57.218Z
104.61538696289062;2022-05-30 00:43:57.495Z
233.07693481445312;2022-05-30 00:48:57.775Z
185.38461303710938;2022-05-30 00:53:58.047Z
262.3077087402344;2022-05-30 00:58:58.346Z
298.4615478515625;2022-05-30 01:03:58.622Z
181.53846740722656;2022-05-30 01:08:58.914Z
229.23077392578125;2022-05-30 01:13:59.156Z
143.84616088867188;2022-05-30 01:18:59.449Z
106.92308044433594;2022-05-30 01:23:59.789Z
113.84615325927734;2022-05-30 01:29:00.037Z
266.923095703125;2022-05-30 01:34:00.308Z
283.0769348144531;2022-05-30 01:39:00.627Z
295.3846130371094;2022-05-30 01:44:00.921Z
214.61538696289062;2022-05-30 01:49:01.215Z
70.76923370361328;2022-05-30 01:54:01.531Z
11.538461685180664;2022-05-30 01:59:01.820Z
-6.153846263885498;2022-05-30 02:04:02.209Z
25.384614944458008;2022-05-30 02:06:32.736Z
44.615386962890625;2022-05-30 02:07:02.874Z
53.07692337036133;2022-05-30 02:07:32.661Z
42.30769348144531;2022-05-30 02:08:02.809Z
41.5384635925293;2022-05-30 02:08:32.938Z
40.769229888916016;2022-05-30 02:09:02.068Z
40.769229888916016;2022-05-30 02:09:03.082Z
9.230769157409668;2022-05-30 02:10:03.334Z
-0.7692307829856873;2022-05-30 02:10:33.455Z
80.76923370361328;2022-05-30 02:14:02.367Z
118.46154022216797;2022-05-30 02:19:02.649Z
170;2022-05-30 02:24:02.913Z
267.69232177734375;2022-05-30 02:29:03.187Z
278.4615478515625;2022-05-30 02:34:03.472Z
276.1538391113281;2022-05-30 02:39:03.726Z
302.3077087402344;2022-05-30 02:44:03.993Z
161.53846740722656;2022-05-30 02:49:04.272Z
168.4615478515625;2022-05-30 02:54:04.555Z
175.38461303710938;2022-05-30 02:59:04.843Z
199.23077392578125;2022-05-30 03:04:05.131Z
173.84616088867188;2022-05-30 03:09:05.414Z
337.69232177734375;2022-05-30 03:14:05.693Z
182.3076934814453;2022-05-30 03:19:05.984Z
226.92308044433594;2022-05-30 03:24:06.260Z
145.38461303710938;2022-05-30 03:29:06.565Z
74.61538696289062;2022-05-30 03:34:06.807Z
47.69231033325195;2022-05-30 03:39:07.088Z
53.07692337036133;2022-05-30 03:44:07.402Z
256.923095703125;2022-05-30 04:14:09.080Z
320;2022-05-30 04:19:09.348Z
186.1538543701172;2022-05-30 04:29:09.922Z
187.6923065185547;2022-05-30 04:34:10.290Z
171.53846740722656;2022-05-30 04:39:10.470Z
152.3076934814453;2022-05-30 04:44:10.753Z
289.23077392578125;2022-05-30 04:49:11.056Z
183.07691955566406;2022-05-30 04:59:11.647Z
183.84616088867188;2022-05-30 05:59:15.178Z
115.3846206665039;2022-05-30 06:44:17.812Z
79.23077392578125;2022-05-30 06:49:18.061Z
46.92307662963867;2022-05-30 06:54:18.327Z
71.53845977783203;2022-05-30 06:59:18.626Z
136.92308044433594;2022-05-30 07:04:18.988Z
326.923095703125;2022-05-30 07:19:19.714Z
63.846153259277344;2022-05-30 07:39:20.858Z
95.3846206665039;2022-05-30 07:54:21.729Z
146.1538543701172;2022-05-30 08:14:22.937Z
99.23077392578125;2022-05-30 08:24:23.502Z
174.61538696289062;2022-05-30 08:39:24.346Z
220.7692413330078;2022-05-30 08:44:24.637Z
120.76923370361328;2022-05-30 08:49:24.934Z
200;2022-05-30 09:04:25.804Z
216.1538543701172;2022-05-30 09:09:26.087Z
127.69230651855469;2022-05-30 09:14:26.357Z
77.69230651855469;2022-05-30 09:24:26.916Z
78.46154022216797;2022-05-30 09:29:27.199Z
104.61538696289062;2022-05-30 09:34:27.581Z
195.38461303710938;2022-05-30 09:39:27.767Z
227.6923065185547;2022-05-30 09:54:28.640Z
86.92308044433594;2022-05-30 09:59:28.947Z
20.76923179626465;2022-05-30 10:04:29.231Z
39.230770111083984;2022-05-30 10:09:29.510Z
45.38461685180664;2022-05-30 10:14:29.817Z
203.07691955566406;2022-05-30 10:19:30.075Z
290.76922607421875;2022-05-30 10:24:30.363Z
259.23077392578125;2022-05-30 10:29:30.637Z
310.76922607421875;2022-05-30 10:34:30.928Z
152.3076934814453;2022-05-30 10:39:31.192Z
97.69230651855469;2022-05-30 10:44:31.476Z
62.30769348144531;2022-05-30 10:54:32.042Z
46.92307662963867;2022-05-30 10:59:32.326Z
50;2022-05-30 11:09:32.943Z
89.23077392578125;2022-05-30 11:14:33.198Z
213.84616088867188;2022-05-30 11:24:33.786Z
255.38461303710938;2022-05-30 11:29:34.048Z
200;2022-05-30 11:34:34.318Z
77.69230651855469;2022-05-30 11:39:34.603Z
42.30769348144531;2022-05-30 11:44:34.864Z
99.23077392578125;2022-05-30 11:49:35.148Z
76.15384674072266;2022-05-30 12:24:37.064Z
146.1538543701172;2022-05-30 13:09:39.689Z
31.538461685180664;2022-05-30 14:04:36.889Z
17.69230842590332;2022-05-30 14:04:42.939Z
-16.923076629638672;2022-05-30 14:05:07.028Z
-33.846153259277344;2022-05-30 14:05:37.167Z
-6.153846263885498;2022-05-30 14:06:37.413Z
129.23077392578125;2022-05-30 16:29:51.508Z
323.0769348144531;2022-05-30 16:44:52.421Z
56.153846740722656;2022-05-31 01:44:37.269Z
38.46154022216797;2022-05-31 01:45:37.546Z
-3.846153974533081;2022-05-31 01:46:37.818Z
5.384615421295166;2022-05-31 01:47:07.944Z
6.153846263885498;2022-05-31 01:48:38.359Z
6.92307710647583;2022-05-31 01:49:08.482Z
38.46154022216797;2022-05-31 01:49:38.608Z
50;2022-05-31 01:51:09.013Z
60;2022-05-31 01:51:39.137Z
39.230770111083984;2022-05-31 13:43:11.880Z
50.769229888916016;2022-05-31 13:44:12.131Z
47.69231033325195;2022-05-31 13:45:42.528Z
8.461538314819336;2022-05-31 13:46:12.679Z
-42.30769348144531;2022-05-31 13:46:42.803Z
-64.61538696289062;2022-05-31 13:47:12.928Z
-43.07692337036133;2022-05-31 13:47:43.053Z
7.692307949066162;2022-05-31 13:48:13.177Z
33.07692337036133;2022-05-31 13:48:43.303Z
38.46154022216797;2022-05-31 13:49:43.583Z
290;2022-05-31 14:51:08.449Z
103.0769271850586;2022-05-31 14:56:08.706Z
240.7692413330078;2022-05-31 15:01:08.976Z
238.4615478515625;2022-05-31 15:06:09.298Z
146.1538543701172;2022-05-31 15:11:09.589Z
-37.69230651855469;2022-05-31 15:16:09.867Z
43.07692337036133;2022-05-31 15:21:10.160Z
49.230770111083984;2022-05-31 15:26:10.439Z
111.53845977783203;2022-05-31 15:31:10.714Z
174.61538696289062;2022-05-31 15:36:11.086Z
293.8461608886719;2022-05-31 15:41:11.248Z
177.6923065185547;2022-05-31 15:46:11.549Z
333.8461608886719;2022-05-31 15:51:11.831Z
146.1538543701172;2022-05-31 15:56:12.126Z
166.1538543701172;2022-05-31 16:11:12.965Z
171.53846740722656;2022-05-31 16:21:13.532Z
304.6153869628906;2022-05-31 16:26:13.846Z
306.923095703125;2022-05-31 17:26:17.233Z
236.1538543701172;2022-05-31 20:26:27.547Z
152.3076934814453;2022-05-31 20:36:28.203Z
83.0769271850586;2022-05-31 20:46:28.627Z
185.38461303710938;2022-05-31 20:56:29.172Z
245.38461303710938;2022-05-31 21:01:29.469Z
269.23077392578125;2022-05-31 21:11:30.029Z
298.4615478515625;2022-05-31 21:21:30.641Z
93.0769271850586;2022-05-31 22:21:33.779Z
344.6153869628906;2022-05-31 23:26:36.386Z
260;2022-06-01 01:01:41.900Z
274.6153869628906;2022-06-01 01:06:42.241Z
32.30769348144531;2022-06-01 01:28:42.854Z
182.3076934814453;2022-06-01 01:41:44.182Z
160.76922607421875;2022-06-01 02:21:46.549Z
224.61538696289062;2022-06-01 02:31:47.121Z
333.0769348144531;2022-06-01 02:36:47.429Z
21.538461685180664;2022-06-01 03:01:48.911Z
90.76923370361328;2022-06-01 03:11:49.520Z
201.53846740722656;2022-06-01 03:16:49.812Z
261.5384521484375;2022-06-01 03:21:50.091Z
303.8461608886719;2022-06-01 03:26:50.408Z
293.8461608886719;2022-06-01 03:31:50.688Z
322.3077087402344;2022-06-01 03:41:51.253Z
198.4615478515625;2022-06-01 03:46:51.562Z
157.6923065185547;2022-06-01 03:51:51.831Z
216.1538543701172;2022-06-01 04:06:52.655Z
240;2022-06-01 04:11:52.940Z
247.6923065185547;2022-06-01 04:16:53.225Z
60;2022-06-01 04:31:54.062Z
51.5384635925293;2022-06-01 04:36:54.372Z
76.92308044433594;2022-06-01 04:41:54.652Z
104.61538696289062;2022-06-01 04:46:54.941Z
227.6923065185547;2022-06-01 04:51:55.214Z
123.0769271850586;2022-06-01 05:26:57.199Z
208.4615478515625;2022-06-01 05:46:58.337Z
144.61538696289062;2022-06-01 06:01:59.180Z
46.92307662963867;2022-06-01 06:22:00.284Z
207.6923065185547;2022-06-01 07:37:04.674Z
46.153846740722656;2022-06-01 10:22:14.052Z
49.230770111083984;2022-06-01 10:27:14.324Z
236.92308044433594;2022-06-01 10:37:14.893Z
233.84616088867188;2022-06-01 10:42:15.140Z
224.61538696289062;2022-06-01 10:47:15.414Z
246.1538543701172;2022-06-01 10:52:15.694Z
178.4615478515625;2022-06-01 10:57:15.981Z
125.3846206665039;2022-06-01 11:02:16.254Z
96.15384674072266;2022-06-01 11:07:16.554Z
193.07691955566406;2022-06-01 11:12:16.843Z
232.3076934814453;2022-06-01 11:17:17.124Z
268.4615478515625;2022-06-01 11:22:17.422Z
312.3077087402344;2022-06-01 11:27:17.705Z
289.23077392578125;2022-06-01 11:32:18.097Z
190;2022-06-01 11:37:18.280Z
106.92308044433594;2022-06-01 11:42:18.534Z
66.15384674072266;2022-06-01 11:52:19.101Z
57.69231033325195;2022-06-01 11:57:19.424Z
47.69231033325195;2022-06-01 12:02:19.717Z
82.30769348144531;2022-06-01 12:07:19.995Z
213.84616088867188;2022-06-01 12:12:20.281Z
322.3077087402344;2022-06-01 12:17:20.573Z
215.38461303710938;2022-06-01 12:22:20.862Z
256.923095703125;2022-06-01 12:27:21.132Z
210.7692413330078;2022-06-01 12:32:21.399Z
138.4615478515625;2022-06-01 12:37:21.670Z
124.61538696289062;2022-06-01 12:42:21.949Z
213.07691955566406;2022-06-01 12:47:22.245Z
194.61538696289062;2022-06-01 12:52:22.504Z
341.5384826660156;2022-06-01 12:57:22.781Z
267.69232177734375;2022-06-01 13:02:23.089Z
192.3076934814453;2022-06-01 13:07:23.385Z
143.07691955566406;2022-06-01 13:17:23.939Z
52.30769348144531;2022-06-01 13:22:24.199Z
11.538461685180664;2022-06-01 13:27:24.487Z
14.615385055541992;2022-06-01 13:27:47.573Z
23.076923370361328;2022-06-01 13:28:17.696Z
40.769229888916016;2022-06-01 13:28:47.816Z
53.07692337036133;2022-06-01 13:29:17.947Z
52.30769348144531;2022-06-01 13:29:48.092Z
43.07692337036133;2022-06-01 13:30:18.230Z
203.84616088867188;2022-06-01 13:47:25.711Z
246.1538543701172;2022-06-01 16:17:34.437Z
263.8461608886719;2022-06-01 16:57:36.758Z
261.5384521484375;2022-06-01 17:02:37.031Z
287.69232177734375;2022-06-01 17:37:39.123Z
181.53846740722656;2022-06-01 18:02:40.547Z
81.53845977783203;2022-06-01 18:12:41.174Z
171.53846740722656;2022-06-01 18:22:41.777Z
292.3077087402344;2022-06-01 18:27:42.044Z
242.3076934814453;2022-06-01 18:32:42.321Z
208.4615478515625;2022-06-01 18:47:43.210Z
163.07691955566406;2022-06-01 18:52:43.443Z
254.61538696289062;2022-06-01 19:17:44.895Z
204.61538696289062;2022-06-01 19:27:45.505Z
58.46154022216797;2022-06-02 01:08:19.189Z
44.615386962890625;2022-06-02 01:08:49.322Z
32.30769348144531;2022-06-02 01:12:50.351Z
26.923076629638672;2022-06-02 02:42:13.337Z
36.92307662963867;2022-06-02 02:42:43.465Z
45.38461685180664;2022-06-02 02:43:09.585Z
43.07692337036133;2022-06-02 02:43:13.607Z
18.461538314819336;2022-06-02 02:43:43.747Z
11.538461685180664;2022-06-02 02:45:14.121Z
332.3077087402344;2022-06-02 09:28:32.866Z
206.1538543701172;2022-06-02 09:33:33.168Z
197.6923065185547;2022-06-02 09:38:33.443Z
236.1538543701172;2022-06-02 09:43:33.769Z
171.53846740722656;2022-06-02 09:48:34.040Z
103.0769271850586;2022-06-02 09:53:34.430Z
-37.69230651855469;2022-06-02 10:08:35.197Z
83.0769271850586;2022-06-02 10:13:35.477Z
263.8461608886719;2022-06-02 10:28:36.339Z
178.4615478515625;2022-06-02 10:33:36.629Z
63.07692337036133;2022-06-02 10:38:36.940Z
65.38461303710938;2022-06-02 10:48:37.497Z
176.1538543701172;2022-06-02 10:53:37.788Z
192.3076934814453;2022-06-02 10:58:38.059Z
308.4615478515625;2022-06-02 11:03:38.345Z
326.923095703125;2022-06-02 11:08:38.634Z
193.84616088867188;2022-06-02 11:13:38.931Z
130.76922607421875;2022-06-02 11:18:39.218Z
-34.615386962890625;2022-06-02 11:28:39.778Z
3.076923131942749;2022-06-02 11:33:40.065Z
-5.384615421295166;2022-06-02 11:38:40.344Z
169.23077392578125;2022-06-02 12:08:42.066Z
201.53846740722656;2022-06-02 12:43:44.077Z
-28.461538314819336;2022-06-02 13:06:54.040Z
53.07692337036133;2022-06-02 13:08:24.427Z
46.153846740722656;2022-06-02 13:08:54.566Z
56.153846740722656;2022-06-02 13:09:24.685Z
45.38461685180664;2022-06-02 13:09:54.842Z
-5.384615421295166;2022-06-02 13:10:24.970Z
15.384615898132324;2022-06-02 14:39:17.898Z
53.07692337036133;2022-06-02 14:41:18.424Z
4.615384578704834;2022-06-02 14:43:51.138Z
3.846153974533081;2022-06-02 14:44:19.231Z
-33.07692337036133;2022-06-03 02:23:18.682Z
-66.92308044433594;2022-06-03 02:23:48.808Z
-70;2022-06-03 02:24:18.959Z
-46.92307662963867;2022-06-03 02:24:49.109Z
-19.230770111083984;2022-06-03 02:25:19.232Z
-5.384615421295166;2022-06-03 02:25:49.354Z
-8.461538314819336;2022-06-03 02:26:19.498Z
3.846153974533081;2022-06-03 02:26:49.626Z
12.307692527770996;2022-06-03 12:49:59.605Z
62.30769348144531;2022-06-03 12:50:29.750Z
43.07692337036133;2022-06-03 12:50:59.879Z
35.38461685180664;2022-06-03 12:52:00.139Z
48.46154022216797;2022-06-03 14:19:22.653Z
60;2022-06-03 14:19:52.791Z
-66.92308044433594;2022-06-03 14:21:53.327Z
8.461538314819336;2022-06-03 14:22:23.448Z
1.5384615659713745;2022-06-03 14:22:53.568Z
-46.92307662963867;2022-06-03 14:23:23.735Z
41.5384635925293;2022-06-03 14:24:54.136Z
-15.384615898132324;2022-06-03 14:25:54.403Z
9.230769157409668;2022-06-04 02:04:23.220Z
-18.461538314819336;2022-06-04 02:04:53.440Z
-34.615386962890625;2022-06-04 02:05:23.570Z
-2.307692289352417;2022-06-04 02:05:53.707Z
45.38461685180664;2022-06-04 02:06:23.832Z
43.846153259277344;2022-06-04 02:06:53.983Z
13.84615421295166;2022-06-04 14:01:27.758Z
-26.923076629638672;2022-06-04 14:02:28.026Z
-42.30769348144531;2022-06-04 14:02:58.169Z
-22.307693481445312;2022-06-04 14:03:28.337Z
14.615385055541992;2022-06-04 14:03:58.461Z
52.30769348144531;2022-06-04 14:04:28.582Z
53.846153259277344;2022-06-04 14:04:58.715Z
6.153846263885498;2022-06-05 01:42:29.943Z
-6.92307710647583;2022-06-05 01:43:00.073Z
42.30769348144531;2022-06-05 01:47:01.129Z
-7.692307949066162;2022-06-05 01:48:31.525Z
-32.30769348144531;2022-06-05 01:49:01.650Z
-10.769230842590332;2022-06-05 01:50:01.923Z
90;2022-06-05 19:18:12.060Z
114.61538696289062;2022-06-05 20:48:17.214Z
223.84616088867188;2022-06-05 21:03:18.115Z
319.23077392578125;2022-06-05 21:13:18.715Z
215.38461303710938;2022-06-05 21:18:18.988Z
52.30769348144531;2022-06-05 21:28:19.557Z
184.61538696289062;2022-06-05 21:43:20.444Z
302.3077087402344;2022-06-05 21:53:21.052Z
155.38461303710938;2022-06-05 22:33:23.392Z
192.3076934814453;2022-06-05 22:38:23.709Z
299.23077392578125;2022-06-05 22:43:24.079Z
179.23077392578125;2022-06-05 22:58:24.854Z
154.61538696289062;2022-06-05 23:18:26.040Z
308.4615478515625;2022-06-05 23:23:26.338Z
41.5384635925293;2022-06-05 23:43:27.498Z
34.615386962890625;2022-06-05 23:48:27.791Z
81.53845977783203;2022-06-05 23:53:28.065Z
66.92308044433594;2022-06-05 23:58:28.344Z
283.8461608886719;2022-06-06 00:13:29.240Z
310;2022-06-06 00:18:29.525Z
190.7692413330078;2022-06-06 00:33:30.364Z
44.615386962890625;2022-06-06 01:26:05.792Z
43.07692337036133;2022-06-06 01:29:06.601Z
64.61538696289062;2022-06-06 22:09:43.737Z
200;2022-06-06 22:29:44.902Z
108.46154022216797;2022-06-06 22:39:45.477Z
61.5384635925293;2022-06-06 23:34:48.665Z
315.3846130371094;2022-06-06 23:59:50.048Z
69.23077392578125;2022-06-07 00:19:51.202Z
-49.230770111083984;2022-06-07 00:24:51.492Z
43.846153259277344;2022-06-07 00:29:51.762Z
293.0769348144531;2022-06-07 00:34:52.024Z
-7.692307949066162;2022-06-07 00:59:53.437Z
-18.461538314819336;2022-06-07 01:04:53.713Z
200;2022-06-07 01:29:55.125Z
261.5384521484375;2022-06-07 01:34:55.411Z
185.38461303710938;2022-06-07 01:49:56.248Z
25.384614944458008;2022-06-07 01:59:56.798Z
111.53845977783203;2022-06-08 19:47:40.336Z
100.76923370361328;2022-06-08 19:52:40.621Z
184.61538696289062;2022-06-08 19:57:40.901Z
253.84616088867188;2022-06-08 20:02:41.189Z
264.6153869628906;2022-06-08 20:07:41.492Z
293.8461608886719;2022-06-08 20:12:41.770Z
158.4615478515625;2022-06-08 23:57:54.540Z
80.76923370361328;2022-06-09 00:37:56.834Z
210.7692413330078;2022-06-09 00:42:57.136Z
226.92308044433594;2022-06-09 00:57:58.003Z
313.0769348144531;2022-06-09 01:02:58.317Z
210.7692413330078;2022-06-09 01:07:58.602Z
107.69230651855469;2022-06-09 01:12:58.886Z
218.4615478515625;2022-06-09 01:27:59.696Z
315.3846130371094;2022-06-09 01:38:00.261Z
277.69232177734375;2022-06-09 01:43:00.557Z
233.84616088867188;2022-06-09 02:18:02.548Z
311.5384521484375;2022-06-09 02:38:03.663Z
250.7692413330078;2022-06-09 02:43:03.961Z
163.84616088867188;2022-06-09 02:48:04.293Z
262.3077087402344;2022-06-09 03:03:05.124Z
121.53846740722656;2022-06-09 03:08:05.393Z
273.8461608886719;2022-06-09 03:13:05.685Z
87.69230651855469;2022-06-09 03:28:06.554Z
20;2022-06-09 03:33:06.823Z
31.538461685180664;2022-06-09 03:38:07.111Z
29.230770111083984;2022-06-09 03:43:07.372Z
10.769230842590332;2022-06-09 03:48:07.771Z
143.07691955566406;2022-06-09 03:53:07.924Z
300;2022-06-09 03:58:08.227Z
291.5384521484375;2022-06-09 04:03:08.484Z
310.76922607421875;2022-06-09 04:08:08.761Z
310.76922607421875;2022-06-09 04:13:09.076Z
64.61538696289062;2022-06-09 04:23:09.583Z
43.07692337036133;2022-06-09 04:28:09.874Z
60;2022-06-09 04:33:10.144Z
202.3076934814453;2022-06-09 04:38:10.447Z
287.69232177734375;2022-06-09 04:43:10.716Z
155.38461303710938;2022-06-09 04:48:11.004Z
-0.7692307829856873;2022-06-09 04:58:11.614Z
-10.769230842590332;2022-06-09 05:03:11.905Z
20.76923179626465;2022-06-09 05:08:12.190Z
75.38461303710938;2022-06-09 05:18:12.723Z
148.4615478515625;2022-06-09 05:23:13.004Z
223.07691955566406;2022-06-09 05:28:13.267Z
100;2022-06-09 05:33:13.585Z
317.69232177734375;2022-06-09 05:43:14.168Z
176.1538543701172;2022-06-09 05:48:14.444Z
200;2022-06-09 05:58:15.032Z
148.4615478515625;2022-06-09 06:03:15.333Z
142.3076934814453;2022-06-09 06:08:15.625Z
72.30769348144531;2022-06-09 06:13:15.912Z
20.76923179626465;2022-06-09 06:18:16.302Z
102.30769348144531;2022-06-09 06:23:16.430Z
173.84616088867188;2022-06-09 06:33:17.004Z
125.3846206665039;2022-06-10 02:34:25.223Z
160;2022-06-10 02:39:25.508Z
109.23077392578125;2022-06-10 02:44:25.770Z
133.07691955566406;2022-06-10 02:54:26.362Z
21.538461685180664;2022-06-10 03:14:27.504Z
136.1538543701172;2022-06-10 03:29:28.365Z
-24.615385055541992;2022-06-11 01:22:51.388Z
-15.384615898132324;2022-06-11 01:23:51.681Z
-16.923076629638672;2022-06-11 01:24:21.830Z
301.5384521484375;2022-06-11 04:00:52.236Z
136.92308044433594;2022-06-11 04:10:52.797Z
194.61538696289062;2022-06-11 04:15:53.055Z
83.84615325927734;2022-06-11 04:25:53.650Z
5.384615421295166;2022-06-11 04:40:54.482Z
290.76922607421875;2022-06-11 04:50:55.052Z
244.61538696289062;2022-06-11 05:00:55.594Z
336.923095703125;2022-06-11 05:05:55.878Z
196.92308044433594;2022-06-11 05:30:57.361Z
181.53846740722656;2022-06-11 05:40:57.992Z
226.92308044433594;2022-06-11 05:45:58.167Z
226.1538543701172;2022-06-11 05:50:58.451Z
34.615386962890625;2022-06-11 06:00:59.018Z
100;2022-06-11 06:15:59.827Z
196.92308044433594;2022-06-11 06:21:00.104Z
210.7692413330078;2022-06-11 06:26:00.388Z
274.6153869628906;2022-06-11 06:41:01.244Z
251.53846740722656;2022-06-11 06:46:01.543Z
236.92308044433594;2022-06-11 06:51:01.819Z
168.4615478515625;2022-06-11 06:56:02.123Z
142.3076934814453;2022-06-11 07:01:02.381Z
103.84615325927734;2022-06-11 07:11:03.000Z
74.61538696289062;2022-06-11 08:41:08.160Z
29.230770111083984;2022-06-11 13:21:24.306Z
29.230770111083984;2022-06-11 13:21:26.320Z
50.769229888916016;2022-06-11 13:25:27.460Z
41.5384635925293;2022-06-12 02:41:21.778Z
0.7692307829856873;2022-06-12 02:43:22.374Z
23.076923370361328;2022-06-12 02:43:52.497Z
50;2022-06-12 13:04:31.858Z
342.3077087402344;2022-06-12 14:07:49.246Z
247.6923065185547;2022-06-12 14:12:49.817Z
173.84616088867188;2022-06-12 14:17:49.974Z
217.6923065185547;2022-06-12 14:22:50.253Z
152.3076934814453;2022-06-12 14:27:50.525Z
75.38461303710938;2022-06-12 14:32:50.834Z
-23.846155166625977;2022-06-12 14:36:25.765Z
0.7692307829856873;2022-06-12 14:37:51.163Z
0.7692307829856873;2022-06-12 14:37:51.163Z
-10;2022-06-12 14:42:51.463Z
43.07692337036133;2022-06-12 14:47:51.777Z
153.07691955566406;2022-06-12 14:52:52.059Z
140.76922607421875;2022-06-12 14:57:52.333Z
263.0769348144531;2022-06-12 15:02:52.675Z
298.4615478515625;2022-06-12 15:07:52.936Z
204.61538696289062;2022-06-12 15:12:53.220Z
202.3076934814453;2022-06-12 15:17:53.513Z
176.92308044433594;2022-06-12 15:22:53.765Z
190;2022-06-12 15:27:54.029Z
259.23077392578125;2022-06-12 15:32:54.324Z
166.1538543701172;2022-06-12 15:37:54.620Z
298.4615478515625;2022-06-12 15:42:54.875Z
298.4615478515625;2022-06-12 15:47:55.154Z
246.1538543701172;2022-06-12 15:52:55.443Z
165.38461303710938;2022-06-12 15:57:55.720Z
137.6923065185547;2022-06-12 16:02:56.013Z
152.3076934814453;2022-06-12 16:22:57.174Z
229.23077392578125;2022-06-12 16:27:57.490Z
223.84616088867188;2022-06-12 16:32:57.766Z
172.3076934814453;2022-06-12 16:37:58.032Z
-28.461538314819336;2022-06-13 02:17:56.236Z
-55.38461685180664;2022-06-13 02:18:26.372Z
-63.07692337036133;2022-06-13 02:18:56.509Z
6.92307710647583;2022-06-13 02:21:27.239Z
36.92307662963867;2022-06-13 02:21:57.374Z
-43.846153259277344;2022-06-13 02:24:58.214Z
61.5384635925293;2022-06-13 13:24:09.274Z
66.15384674072266;2022-06-13 13:29:09.435Z
156.1538543701172;2022-06-13 13:34:09.695Z
290;2022-06-13 13:39:09.977Z
151.53846740722656;2022-06-13 13:44:09.917Z
207.6923065185547;2022-06-13 13:49:10.206Z
97.69230651855469;2022-06-13 14:04:11.028Z
26.923076629638672;2022-06-13 14:09:11.331Z
-23.846155166625977;2022-06-13 14:14:11.613Z
2.307692289352417;2022-06-13 14:16:33.202Z
27.69230842590332;2022-06-13 14:19:11.949Z
33.07692337036133;2022-06-13 14:24:12.220Z
28.461538314819336;2022-06-13 14:29:12.501Z
144.61538696289062;2022-06-13 14:34:12.815Z
300.76922607421875;2022-06-13 14:39:13.078Z
180.7692413330078;2022-06-13 14:44:13.372Z
302.3077087402344;2022-06-13 14:49:13.652Z
250;2022-06-13 14:54:13.924Z
86.15384674072266;2022-06-13 14:59:14.276Z
-20;2022-06-13 15:04:14.439Z
44.615386962890625;2022-06-13 15:09:14.715Z
261.5384521484375;2022-06-13 15:14:15.005Z
237.6923065185547;2022-06-13 15:19:15.313Z
106.15384674072266;2022-06-13 15:24:15.608Z
300.76922607421875;2022-06-13 15:29:15.874Z
235.38461303710938;2022-06-13 15:34:16.163Z
62.30769348144531;2022-06-13 15:39:16.488Z
53.846153259277344;2022-06-13 15:44:16.785Z
-57.69231033325195;2022-06-13 15:49:17.047Z
3.846153974533081;2022-06-13 15:54:17.329Z
63.07692337036133;2022-06-13 15:59:17.636Z
125.3846206665039;2022-06-13 16:04:17.942Z
157.6923065185547;2022-06-13 16:09:18.231Z
73.84615325927734;2022-06-13 16:14:18.519Z
344.6153869628906;2022-06-13 16:19:18.820Z
154.61538696289062;2022-06-13 16:24:19.088Z
127.69230651855469;2022-06-13 16:29:19.381Z
183.84616088867188;2022-06-13 16:34:19.672Z
167.6923065185547;2022-06-13 16:39:19.955Z
220.7692413330078;2022-06-13 16:44:20.228Z
192.3076934814453;2022-06-13 16:49:20.495Z
250;2022-06-13 16:54:20.821Z
290.76922607421875;2022-06-13 16:59:21.100Z
249.23077392578125;2022-06-13 17:04:21.402Z
200.7692413330078;2022-06-13 17:09:21.680Z
215.38461303710938;2022-06-13 17:14:21.986Z
122.30769348144531;2022-06-13 17:19:22.264Z
76.15384674072266;2022-06-13 17:24:22.530Z
66.92308044433594;2022-06-13 17:29:22.930Z
-40.769229888916016;2022-06-13 17:34:23.079Z
93.0769271850586;2022-06-13 17:39:23.359Z
230;2022-06-13 17:44:23.651Z
283.0769348144531;2022-06-13 17:49:23.959Z
214.61538696289062;2022-06-13 17:54:24.234Z
120.76923370361328;2022-06-13 17:59:24.495Z
140.76922607421875;2022-06-13 18:04:24.805Z
125.3846206665039;2022-06-13 18:09:25.076Z
120.76923370361328;2022-06-13 18:14:25.392Z
215.38461303710938;2022-06-13 18:19:25.666Z
177.6923065185547;2022-06-13 18:24:25.959Z
26.923076629638672;2022-06-13 18:29:26.248Z
266.1538391113281;2022-06-13 18:34:26.539Z
276.1538391113281;2022-06-13 18:39:26.786Z
103.84615325927734;2022-06-13 18:44:27.088Z
125.3846206665039;2022-06-13 18:49:27.364Z
70.76923370361328;2022-06-13 18:54:27.679Z
46.92307662963867;2022-06-13 18:59:27.951Z
-10.769230842590332;2022-06-13 19:04:28.229Z
83.0769271850586;2022-06-13 19:09:28.502Z
213.84616088867188;2022-06-13 19:14:28.820Z
266.1538391113281;2022-06-13 19:19:29.105Z
59.230770111083984;2022-06-13 19:24:29.392Z
150.76922607421875;2022-06-13 19:29:29.669Z
170.7692413330078;2022-06-13 19:34:29.961Z
127.69230651855469;2022-06-13 19:39:30.237Z
115.3846206665039;2022-06-13 19:44:30.544Z
120;2022-06-13 19:49:30.841Z
200;2022-06-13 19:54:31.170Z
170.7692413330078;2022-06-13 19:59:31.532Z
133.84616088867188;2022-06-13 20:04:31.688Z
312.3077087402344;2022-06-13 20:09:32.017Z
271.5384521484375;2022-06-13 20:14:32.290Z
138.4615478515625;2022-06-13 20:19:32.563Z
130;2022-06-13 20:24:32.838Z
57.69231033325195;2022-06-13 20:29:33.110Z
26.923076629638672;2022-06-13 20:34:33.388Z
10;2022-06-13 20:39:33.681Z
109.23077392578125;2022-06-13 20:44:33.966Z
294.6153869628906;2022-06-13 20:49:34.257Z
213.84616088867188;2022-06-13 20:54:34.544Z
107.69230651855469;2022-06-13 20:59:34.853Z
129.23077392578125;2022-06-13 21:04:35.152Z
99.23077392578125;2022-06-13 21:09:35.420Z
16.923076629638672;2022-06-13 21:14:35.749Z
12.307692527770996;2022-06-13 21:19:36.054Z
-13.076923370361328;2022-06-13 21:24:36.319Z
60.76923370361328;2022-06-13 21:29:36.597Z
170.7692413330078;2022-06-13 21:34:36.885Z
301.5384521484375;2022-06-13 21:39:37.152Z
243.84616088867188;2022-06-13 21:44:37.434Z
137.6923065185547;2022-06-13 21:49:37.713Z
210;2022-06-13 21:54:38.004Z
167.6923065185547;2022-06-13 21:59:38.309Z
103.84615325927734;2022-06-13 22:04:38.586Z
119.23077392578125;2022-06-13 22:09:38.867Z
177.6923065185547;2022-06-13 22:14:39.194Z
270.76922607421875;2022-06-13 22:19:39.434Z
191.53846740722656;2022-06-13 22:24:39.707Z
250;2022-06-13 22:29:40.114Z
220.7692413330078;2022-06-13 22:34:40.254Z
119.23077392578125;2022-06-13 22:39:40.540Z
63.846153259277344;2022-06-13 22:44:40.804Z
2.307692289352417;2022-06-13 22:49:41.096Z
-16.153846740722656;2022-06-13 22:54:41.398Z
1.5384615659713745;2022-06-13 22:59:41.658Z
113.84615325927734;2022-06-13 23:04:41.936Z
110;2022-06-13 23:09:42.233Z
192.3076934814453;2022-06-13 23:14:42.531Z
287.69232177734375;2022-06-13 23:19:42.823Z
303.0769348144531;2022-06-13 23:24:43.145Z
154.61538696289062;2022-06-13 23:29:43.404Z
75.38461303710938;2022-06-13 23:34:43.701Z
95.3846206665039;2022-06-13 23:39:43.992Z
143.84616088867188;2022-06-13 23:44:44.271Z
210.7692413330078;2022-06-13 23:49:44.578Z
213.84616088867188;2022-06-13 23:54:44.889Z
226.1538543701172;2022-06-13 23:59:45.196Z
303.8461608886719;2022-06-14 00:04:45.498Z
176.92308044433594;2022-06-14 00:09:45.786Z
97.69230651855469;2022-06-14 00:14:46.082Z
38.46154022216797;2022-06-14 00:19:46.370Z
32.30769348144531;2022-06-14 00:29:46.944Z
77.69230651855469;2022-06-14 00:34:47.264Z
189.23077392578125;2022-06-14 00:39:47.515Z
236.1538543701172;2022-06-14 00:44:47.800Z
181.53846740722656;2022-06-14 00:49:48.088Z
308.4615478515625;2022-06-14 00:59:48.753Z
227.6923065185547;2022-06-14 01:04:48.923Z
126.92308044433594;2022-06-14 01:09:49.208Z
112.30769348144531;2022-06-14 01:14:49.509Z
178.4615478515625;2022-06-14 01:19:49.780Z
230.7692413330078;2022-06-14 01:24:50.079Z
171.53846740722656;2022-06-14 01:29:50.330Z
267.69232177734375;2022-06-14 01:34:50.590Z
270.76922607421875;2022-06-14 01:39:50.855Z
182.3076934814453;2022-06-14 01:44:51.157Z
91.53845977783203;2022-06-14 01:49:51.424Z
11.538461685180664;2022-06-14 01:54:51.723Z
46.92307662963867;2022-06-14 01:57:03.281Z
16.153846740722656;2022-06-14 01:57:33.398Z
3.846153974533081;2022-06-14 01:58:03.522Z
10;2022-06-14 01:58:33.763Z
5.384615421295166;2022-06-14 01:59:03.911Z
-53.07692337036133;2022-06-14 01:59:52.118Z
48.46154022216797;2022-06-14 02:03:35.112Z
55.38461685180664;2022-06-14 02:04:52.453Z
100;2022-06-14 02:09:52.726Z
216.1538543701172;2022-06-14 02:14:53.011Z
244.61538696289062;2022-06-14 02:29:53.870Z
313.0769348144531;2022-06-14 02:34:54.144Z
136.92308044433594;2022-06-14 02:39:54.437Z
140.76922607421875;2022-06-14 03:09:56.178Z
124.61538696289062;2022-06-14 03:19:56.769Z
139.23077392578125;2022-06-14 03:44:58.157Z
232.3076934814453;2022-06-14 03:59:59.004Z
107.69230651855469;2022-06-14 04:09:59.583Z
223.84616088867188;2022-06-14 04:14:59.895Z
208.4615478515625;2022-06-14 04:20:00.134Z
142.3076934814453;2022-06-14 04:25:00.443Z
156.92308044433594;2022-06-14 04:30:00.694Z
83.84615325927734;2022-06-14 04:35:00.974Z
195.38461303710938;2022-06-14 04:40:01.273Z
253.84616088867188;2022-06-14 04:45:01.574Z
130;2022-06-14 04:50:01.878Z
16.153846740722656;2022-06-14 04:55:02.151Z
46.92307662963867;2022-06-14 05:10:03.014Z
90;2022-06-14 05:15:03.314Z
138.4615478515625;2022-06-14 05:20:03.611Z
269.23077392578125;2022-06-14 05:25:03.901Z
159.23077392578125;2022-06-14 05:30:04.192Z
299.23077392578125;2022-06-14 05:40:04.753Z
77.69230651855469;2022-06-14 05:50:05.344Z
154.61538696289062;2022-06-14 05:55:05.688Z
148.4615478515625;2022-06-14 06:00:06.060Z
218.4615478515625;2022-06-14 07:20:10.508Z
83.0769271850586;2022-06-14 07:25:10.774Z
70;2022-06-14 07:30:11.078Z
146.92308044433594;2022-06-14 08:00:12.778Z
98.46154022216797;2022-06-14 08:05:13.072Z
-55.38461685180664;2022-06-14 08:25:14.202Z
284.6153869628906;2022-06-14 08:45:15.331Z
85.3846206665039;2022-06-14 09:05:16.452Z
30.76923179626465;2022-06-14 09:10:16.709Z
-72.30769348144531;2022-06-14 09:15:16.980Z
-12.307692527770996;2022-06-14 09:20:17.274Z
50.769229888916016;2022-06-14 09:25:17.580Z
154.61538696289062;2022-06-14 09:30:17.854Z
172.3076934814453;2022-06-14 09:35:18.138Z
220.7692413330078;2022-06-14 09:45:18.690Z
197.6923065185547;2022-06-14 09:50:18.959Z
142.3076934814453;2022-06-14 09:55:19.229Z
41.5384635925293;2022-06-14 10:00:19.510Z
121.53846740722656;2022-06-14 10:05:19.818Z
235.38461303710938;2022-06-14 10:10:20.117Z
182.3076934814453;2022-06-14 10:15:20.420Z
125.3846206665039;2022-06-14 10:20:20.695Z
271.5384521484375;2022-06-14 10:25:20.983Z
252.3076934814453;2022-06-14 10:30:21.264Z
37.69230651855469;2022-06-14 10:40:21.851Z
118.46154022216797;2022-06-14 12:40:28.390Z
184.61538696289062;2022-06-14 12:45:28.683Z
310;2022-06-14 12:50:28.998Z
306.1538391113281;2022-06-14 12:55:29.267Z
126.15384674072266;2022-06-14 13:00:29.563Z
77.69230651855469;2022-06-14 13:05:29.848Z
43.846153259277344;2022-06-14 13:10:30.111Z
122.30769348144531;2022-06-14 13:15:30.387Z
259.23077392578125;2022-06-14 13:20:30.656Z
301.5384521484375;2022-06-14 13:25:30.935Z
216.1538543701172;2022-06-14 13:30:31.306Z
182.3076934814453;2022-06-14 13:35:31.457Z
258.4615478515625;2022-06-14 13:40:31.757Z
13.84615421295166;2022-06-14 13:54:37.386Z
53.07692337036133;2022-06-14 13:55:07.510Z
47.69231033325195;2022-06-14 13:56:07.778Z
-14.615385055541992;2022-06-14 14:00:08.898Z
102.30769348144531;2022-06-14 14:45:35.645Z
230.7692413330078;2022-06-14 14:50:35.946Z
-6.92307710647583;2022-06-14 15:30:38.222Z
-23.076923370361328;2022-06-14 15:35:38.485Z
56.92307662963867;2022-06-14 15:40:38.780Z
154.61538696289062;2022-06-14 15:45:39.070Z
223.84616088867188;2022-06-14 15:50:39.368Z
168.4615478515625;2022-06-14 15:55:39.661Z
326.1538391113281;2022-06-14 16:00:40.066Z
219.23077392578125;2022-06-14 16:05:40.213Z
127.69230651855469;2022-06-14 16:10:40.490Z
149.23077392578125;2022-06-14 16:15:40.762Z
16.153846740722656;2022-06-15 01:37:38.285Z
45.38461685180664;2022-06-15 01:38:38.542Z
46.153846740722656;2022-06-15 01:39:38.873Z
113.84615325927734;2022-06-15 11:56:48.724Z
-19.230770111083984;2022-06-15 12:01:48.974Z
33.07692337036133;2022-06-15 12:06:49.132Z
29.230770111083984;2022-06-15 12:11:49.433Z
89.23077392578125;2022-06-15 12:16:49.718Z
185.38461303710938;2022-06-15 12:21:49.995Z
266.923095703125;2022-06-15 12:26:50.306Z
233.84616088867188;2022-06-15 12:31:50.587Z
286.923095703125;2022-06-15 12:36:50.864Z
236.92308044433594;2022-06-15 12:41:51.144Z
112.30769348144531;2022-06-15 12:46:51.437Z
7.692307949066162;2022-06-15 12:51:51.772Z
80;2022-06-15 12:56:52.025Z
81.53845977783203;2022-06-15 13:01:52.318Z
273.8461608886719;2022-06-15 13:06:52.668Z
260;2022-06-15 13:11:52.955Z
166.92308044433594;2022-06-15 13:16:53.219Z
161.53846740722656;2022-06-15 13:21:53.518Z
127.69230651855469;2022-06-15 13:26:53.806Z
36.153846740722656;2022-06-15 13:36:43.301Z
40;2022-06-15 13:36:54.367Z
22.307693481445312;2022-06-15 13:46:54.992Z
110;2022-06-15 13:51:55.269Z
176.92308044433594;2022-06-15 13:56:55.582Z
320;2022-06-15 14:01:55.941Z
358.4615478515625;2022-06-15 14:06:56.193Z
123.0769271850586;2022-06-15 14:11:56.517Z
149.23077392578125;2022-06-15 14:16:56.789Z
117.69230651855469;2022-06-15 14:21:57.068Z
88.46154022216797;2022-06-15 15:01:59.328Z
6.92307710647583;2022-06-15 15:06:59.611Z
60;2022-06-15 15:11:59.942Z
48.46154022216797;2022-06-15 15:17:00.213Z
1.5384615659713745;2022-06-15 15:22:00.493Z
92.30769348144531;2022-06-15 15:27:00.795Z
177.6923065185547;2022-06-15 15:32:01.073Z
300.76922607421875;2022-06-16 11:13:08.639Z
232.3076934814453;2022-06-16 11:18:09.008Z
114.61538696289062;2022-06-16 11:23:09.314Z
174.61538696289062;2022-06-16 11:28:09.626Z
140;2022-06-16 11:33:09.573Z
113.84615325927734;2022-06-16 11:38:09.830Z
-1.5384615659713745;2022-06-16 11:43:10.103Z
0;2022-06-16 11:48:10.374Z
231.53846740722656;2022-06-16 12:08:11.491Z
249.23077392578125;2022-06-16 12:13:11.782Z
296.923095703125;2022-06-16 12:18:12.038Z
206.92308044433594;2022-06-16 12:23:12.337Z
28.461538314819336;2022-06-16 14:57:17.058Z
127.69230651855469;2022-06-17 10:29:28.224Z
87.69230651855469;2022-06-17 10:34:28.309Z
66.92308044433594;2022-06-17 10:39:28.567Z
167.6923065185547;2022-06-17 10:44:28.875Z
209.23077392578125;2022-06-17 10:49:28.840Z
175.38461303710938;2022-06-17 10:54:29.107Z
296.923095703125;2022-06-17 10:59:29.410Z
292.3077087402344;2022-06-17 11:04:29.690Z
190.7692413330078;2022-06-17 11:09:29.986Z
107.69230651855469;2022-06-17 11:14:30.291Z
80;2022-06-17 11:19:30.667Z
21.538461685180664;2022-06-17 11:39:31.765Z
123.0769271850586;2022-06-17 11:44:32.023Z
200;2022-06-17 12:19:34.053Z
273.0769348144531;2022-06-17 12:24:34.330Z
219.23077392578125;2022-06-17 12:29:34.609Z
262.3077087402344;2022-06-17 12:34:34.891Z
281.5384521484375;2022-06-17 12:39:35.184Z
47.69231033325195;2022-06-17 12:59:36.348Z
-20;2022-06-17 13:04:36.611Z
41.5384635925293;2022-06-17 13:09:36.879Z
242.3076934814453;2022-06-17 13:19:37.455Z
183.84616088867188;2022-06-17 13:24:37.724Z
23.076923370361328;2022-06-18 02:13:20.463Z
33.07692337036133;2022-06-18 02:13:50.585Z
41.5384635925293;2022-06-18 02:14:20.711Z
37.69230651855469;2022-06-18 02:14:50.877Z
17.69230842590332;2022-06-18 02:15:21.008Z
21.538461685180664;2022-06-18 02:15:22.038Z
18.461538314819336;2022-06-18 02:15:51.151Z
34.615386962890625;2022-06-18 02:16:21.270Z
33.846153259277344;2022-06-18 02:16:51.415Z
33.846153259277344;2022-06-18 02:17:21.542Z
23.076923370361328;2022-06-18 02:17:51.663Z
39.230770111083984;2022-06-18 02:18:51.945Z
53.07692337036133;2022-06-18 02:19:22.067Z
-1.5384615659713745;2022-06-18 14:11:55.127Z
-13.076923370361328;2022-06-18 14:12:25.251Z
-1.5384615659713745;2022-06-18 14:13:25.518Z
49.230770111083984;2022-06-18 14:14:25.840Z
46.92307662963867;2022-06-18 14:14:55.974Z
42.30769348144531;2022-06-18 14:15:26.101Z
43.07692337036133;2022-06-18 14:15:56.222Z
43.846153259277344;2022-06-18 14:16:03.276Z
33.846153259277344;2022-06-18 14:16:26.390Z
-16.923076629638672;2022-06-18 14:18:26.910Z
25.384614944458008;2022-06-19 01:54:26.004Z
30;2022-06-19 01:54:56.128Z
29.230770111083984;2022-06-19 01:55:26.299Z
34.615386962890625;2022-06-19 01:55:56.433Z
42.30769348144531;2022-06-19 01:56:26.563Z
46.92307662963867;2022-06-19 01:56:43.651Z
46.92307662963867;2022-06-19 01:56:56.703Z
46.92307662963867;2022-06-19 01:57:26.822Z
44.615386962890625;2022-06-19 01:57:56.947Z
26.153846740722656;2022-06-19 01:58:27.070Z
7.692307949066162;2022-06-19 01:58:57.196Z
5.384615421295166;2022-06-19 01:59:57.461Z
36.153846740722656;2022-06-19 02:00:57.702Z
26.923076629638672;2022-06-19 02:01:27.839Z
33.846153259277344;2022-06-19 02:01:57.976Z
43.07692337036133;2022-06-19 09:07:08.033Z
55.38461685180664;2022-06-19 09:17:08.211Z
94.61538696289062;2022-06-19 09:22:08.500Z
167.6923065185547;2022-06-19 09:27:08.802Z
250;2022-06-19 09:32:09.114Z
231.53846740722656;2022-06-19 09:37:09.393Z
165.38461303710938;2022-06-19 09:42:09.662Z
126.92308044433594;2022-06-19 09:47:09.948Z
69.23077392578125;2022-06-19 09:52:10.245Z
-14.615385055541992;2022-06-19 09:57:10.562Z
70;2022-06-19 10:02:10.832Z
132.3076934814453;2022-06-19 10:07:11.108Z
93.0769271850586;2022-06-19 10:12:11.415Z
300.76922607421875;2022-06-19 10:17:11.671Z
304.6153869628906;2022-06-19 10:22:11.951Z
198.4615478515625;2022-06-19 10:27:12.226Z
126.92308044433594;2022-06-19 10:32:12.521Z
60;2022-06-19 10:37:12.913Z
43.07692337036133;2022-06-19 10:42:13.067Z
90.76923370361328;2022-06-19 10:47:13.382Z
10;2022-06-19 10:52:13.690Z
31.538461685180664;2022-06-19 10:57:13.970Z
94.61538696289062;2022-06-19 11:02:14.277Z
204.61538696289062;2022-06-19 11:07:14.582Z
193.07691955566406;2022-06-19 11:12:14.875Z
187.6923065185547;2022-06-19 11:17:15.156Z
229.23077392578125;2022-06-19 11:22:15.481Z
163.84616088867188;2022-06-19 11:27:15.736Z
90.76923370361328;2022-06-19 11:32:16.017Z
64.61538696289062;2022-06-19 11:37:16.303Z
115.3846206665039;2022-06-19 11:42:16.597Z
250;2022-06-19 11:47:16.891Z
327.69232177734375;2022-06-19 11:52:17.163Z
251.53846740722656;2022-06-19 11:57:17.462Z
224.61538696289062;2022-06-19 12:02:17.758Z
179.23077392578125;2022-06-19 12:07:18.083Z
118.46154022216797;2022-06-19 12:12:18.360Z
90.76923370361328;2022-06-19 12:17:18.655Z
42.30769348144531;2022-06-19 12:22:18.919Z
7.692307949066162;2022-06-19 12:27:19.199Z
94.61538696289062;2022-06-19 12:32:19.507Z
151.53846740722656;2022-06-19 12:37:19.806Z
290;2022-06-19 12:42:20.102Z
345.3846130371094;2022-06-19 12:47:20.387Z
227.6923065185547;2022-06-19 12:52:20.684Z
207.6923065185547;2022-06-19 12:57:20.979Z
86.15384674072266;2022-06-19 13:02:21.258Z
93.0769271850586;2022-06-19 13:07:21.648Z
156.1538543701172;2022-06-19 13:12:21.808Z
240;2022-06-19 13:17:22.105Z
272.3077087402344;2022-06-19 13:32:22.952Z
184.61538696289062;2022-06-19 13:42:23.532Z
77.69230651855469;2022-06-19 13:47:23.819Z
-13.076923370361328;2022-06-19 13:51:32.868Z
11.538461685180664;2022-06-19 13:52:02.993Z
9.230769157409668;2022-06-19 13:52:24.093Z
9.230769157409668;2022-06-19 13:52:24.093Z
4.615384578704834;2022-06-19 13:52:33.141Z
37.69230651855469;2022-06-19 13:54:33.639Z
36.153846740722656;2022-06-19 13:55:03.824Z
58.46154022216797;2022-06-19 13:55:33.957Z
27.69230842590332;2022-06-19 13:57:24.433Z
30.76923179626465;2022-06-19 13:58:04.601Z
-11.538461685180664;2022-06-19 13:58:34.729Z
-51.5384635925293;2022-06-19 13:59:04.851Z
38.46154022216797;2022-06-19 14:02:24.717Z
-10.769230842590332;2022-06-19 14:07:25.004Z
65.38461303710938;2022-06-19 14:12:25.285Z
326.1538391113281;2022-06-19 14:22:25.878Z
327.69232177734375;2022-06-19 14:27:26.171Z
179.23077392578125;2022-06-19 14:32:26.445Z
246.1538543701172;2022-06-19 14:57:27.836Z
75.38461303710938;2022-06-19 15:17:28.941Z
43.846153259277344;2022-06-19 15:22:29.223Z
29.230770111083984;2022-06-19 15:32:29.838Z
169.23077392578125;2022-06-19 16:07:31.778Z
72.30769348144531;2022-06-19 16:12:32.080Z
50;2022-06-19 16:17:32.359Z
150.76922607421875;2022-06-19 16:22:32.636Z
289.23077392578125;2022-06-19 16:27:32.901Z
99.23077392578125;2022-06-19 16:37:33.450Z
310;2022-06-19 16:47:33.999Z
115.3846206665039;2022-06-19 17:52:37.668Z
200.7692413330078;2022-06-19 17:57:37.931Z
188.4615478515625;2022-06-19 18:07:38.661Z
175.38461303710938;2022-06-19 18:52:41.205Z
40.769229888916016;2022-06-20 01:35:33.768Z
40.769229888916016;2022-06-20 01:36:03.890Z
46.153846740722656;2022-06-20 01:36:34.058Z
52.30769348144531;2022-06-20 01:37:34.313Z
41.5384635925293;2022-06-20 01:39:04.700Z
46.92307662963867;2022-06-20 01:39:34.840Z
56.153846740722656;2022-06-20 01:40:05.022Z
64.61538696289062;2022-06-20 13:34:07.799Z
47.69231033325195;2022-06-20 13:34:37.939Z
3.846153974533081;2022-06-20 13:35:08.071Z
-12.307692527770996;2022-06-20 13:35:38.242Z
0;2022-06-20 13:36:08.365Z
9.230769157409668;2022-06-20 13:36:38.488Z
-31.538461685180664;2022-06-20 13:37:38.751Z
-30.76923179626465;2022-06-20 13:38:08.866Z
30.76923179626465;2022-06-20 13:39:39.280Z
47.69231033325195;2022-06-21 01:15:37.682Z
43.07692337036133;2022-06-21 01:16:07.808Z
24.615385055541992;2022-06-21 01:16:38.050Z
50;2022-06-21 01:20:09.072Z
60;2022-06-21 01:20:39.228Z
72.30769348144531;2022-06-21 01:21:09.379Z
63.07692337036133;2022-06-21 01:21:39.535Z
66.92308044433594;2022-06-21 01:22:09.667Z
-34.615386962890625;2022-06-21 02:50:32.454Z
-30.76923179626465;2022-06-21 02:51:02.583Z
-13.076923370361328;2022-06-21 02:51:32.727Z
16.923076629638672;2022-06-21 02:52:02.852Z
31.538461685180664;2022-06-21 02:52:33.019Z
32.30769348144531;2022-06-21 02:53:03.142Z
47.69231033325195;2022-06-21 02:54:33.551Z
12.307692527770996;2022-06-22 02:31:37.111Z
33.07692337036133;2022-06-22 02:32:37.361Z
42.30769348144531;2022-06-22 02:33:07.532Z
31.538461685180664;2022-06-22 02:33:37.667Z
16.923076629638672;2022-06-22 02:34:37.915Z
32.30769348144531;2022-06-22 02:35:08.089Z
44.615386962890625;2022-06-22 02:35:38.214Z
59.230770111083984;2022-06-22 02:37:08.601Z
166.1538543701172;2022-06-22 06:51:05.867Z
200;2022-06-22 06:56:05.962Z
223.84616088867188;2022-06-22 07:01:06.265Z
205.38461303710938;2022-06-22 07:06:06.567Z
160.76922607421875;2022-06-22 07:11:06.839Z
100;2022-06-22 07:16:07.120Z
66.15384674072266;2022-06-22 07:21:07.407Z
83.84615325927734;2022-06-22 07:26:07.668Z
185.38461303710938;2022-06-22 07:31:07.931Z
230.7692413330078;2022-06-22 07:36:08.255Z
323.0769348144531;2022-06-22 07:41:08.522Z
248.4615478515625;2022-06-22 07:46:08.809Z
270.76922607421875;2022-06-22 07:51:09.118Z
269.23077392578125;2022-06-22 07:56:09.412Z
207.6923065185547;2022-06-22 08:01:09.727Z
136.1538543701172;2022-06-22 08:06:10.001Z
117.69230651855469;2022-06-22 08:11:10.309Z
63.07692337036133;2022-06-22 08:16:10.617Z
23.076923370361328;2022-06-22 08:21:10.890Z
93.0769271850586;2022-06-22 08:26:11.236Z
152.3076934814453;2022-06-22 08:31:11.524Z
186.1538543701172;2022-06-22 08:36:11.806Z
207.6923065185547;2022-06-22 08:41:12.168Z
186.1538543701172;2022-06-22 08:46:12.323Z
133.07691955566406;2022-06-22 08:51:12.593Z
230.7692413330078;2022-06-22 09:21:14.287Z
69.23077392578125;2022-06-22 14:27:11.121Z
38.46154022216797;2022-06-22 14:28:11.371Z
-23.846155166625977;2022-06-22 14:30:41.988Z
-12.307692527770996;2022-06-22 14:31:12.135Z
-7.692307949066162;2022-06-22 14:31:32.266Z
-3.846153974533081;2022-06-22 14:31:42.309Z
-1.5384615659713745;2022-06-22 14:32:12.441Z
23.076923370361328;2022-06-22 14:32:42.568Z
15.384615898132324;2022-06-23 02:09:11.381Z
3.846153974533081;2022-06-23 02:09:41.500Z
-16.153846740722656;2022-06-23 02:10:11.622Z
-23.076923370361328;2022-06-23 02:10:41.790Z
5.384615421295166;2022-06-23 02:11:42.046Z
6.153846263885498;2022-06-23 02:12:12.182Z
40.769229888916016;2022-06-23 02:13:12.440Z
49.230770111083984;2022-06-23 02:13:42.580Z
43.846153259277344;2022-06-23 02:14:12.701Z
20.76923179626465;2022-06-23 02:14:42.827Z
12.307692527770996;2022-06-23 02:16:13.207Z
3.076923131942749;2022-06-23 02:16:43.359Z
216.92308044433594;2022-06-24 05:23:44.852Z
318.4615478515625;2022-06-24 05:28:45.139Z
301.5384521484375;2022-06-24 05:33:45.442Z
226.1538543701172;2022-06-24 05:38:45.754Z
256.923095703125;2022-06-24 05:43:45.826Z
173.07691955566406;2022-06-24 05:48:45.996Z
66.15384674072266;2022-06-24 05:53:46.282Z
81.53845977783203;2022-06-24 05:58:46.538Z
92.30769348144531;2022-06-24 06:03:46.810Z
116.15384674072266;2022-06-24 06:08:47.087Z
182.3076934814453;2022-06-24 06:13:47.344Z
233.84616088867188;2022-06-24 06:18:47.615Z
185.38461303710938;2022-06-24 06:23:47.907Z
133.07691955566406;2022-06-24 06:28:48.195Z
97.69230651855469;2022-06-24 06:33:48.469Z
57.69231033325195;2022-06-24 06:38:48.721Z
102.30769348144531;2022-06-24 06:43:49.022Z
142.3076934814453;2022-06-24 06:48:49.318Z
206.92308044433594;2022-06-24 06:53:49.599Z
265.3846130371094;2022-06-24 07:08:50.470Z
173.84616088867188;2022-06-24 07:13:50.787Z
190;2022-06-24 07:23:51.327Z
122.30769348144531;2022-06-24 07:28:51.595Z
103.84615325927734;2022-06-24 07:33:51.873Z
135.38461303710938;2022-06-24 07:38:52.157Z
150.76922607421875;2022-06-24 07:48:52.758Z
92.30769348144531;2022-06-24 07:53:53.041Z
87.69230651855469;2022-06-24 07:58:53.318Z
170.7692413330078;2022-06-24 08:03:53.620Z
150.76922607421875;2022-06-24 08:08:53.887Z
116.15384674072266;2022-06-24 08:13:54.262Z
60.76923370361328;2022-06-24 08:18:54.444Z
104.61538696289062;2022-06-24 08:53:56.476Z
57.69231033325195;2022-06-24 08:58:56.760Z
21.538461685180664;2022-06-24 09:03:57.050Z
6.92307710647583;2022-06-24 09:08:57.330Z
14.615385055541992;2022-06-24 09:13:57.620Z
95.3846206665039;2022-06-24 09:18:57.913Z
170;2022-06-24 09:23:58.189Z
191.53846740722656;2022-06-24 09:28:58.485Z
171.53846740722656;2022-06-24 09:33:58.783Z
198.4615478515625;2022-06-24 09:38:59.044Z
178.4615478515625;2022-06-24 09:43:59.318Z
123.84615325927734;2022-06-24 09:48:59.612Z
67.69230651855469;2022-06-24 09:53:59.883Z
83.0769271850586;2022-06-24 09:59:00.144Z
153.07691955566406;2022-06-24 10:04:00.420Z
279.23077392578125;2022-06-24 10:09:00.697Z
288.4615478515625;2022-06-24 10:14:00.983Z
230;2022-06-24 10:19:01.268Z
203.07691955566406;2022-06-24 10:24:01.539Z
179.23077392578125;2022-06-24 10:29:01.838Z
-23.846155166625977;2022-06-25 01:32:21.007Z
-43.07692337036133;2022-06-25 01:32:51.123Z
-36.92307662963867;2022-06-25 01:33:21.276Z
-4.615384578704834;2022-06-25 01:33:51.437Z
44.615386962890625;2022-06-25 01:34:21.581Z
51.5384635925293;2022-06-25 01:34:51.705Z
16.923076629638672;2022-06-25 01:35:21.881Z
8.461538314819336;2022-06-25 01:35:52.001Z
24.615385055541992;2022-06-25 01:36:22.125Z
-68.46154022216797;2022-06-25 01:37:52.548Z
-55.38461685180664;2022-06-25 01:38:22.668Z
32.30769348144531;2022-06-25 04:40:04.016Z
10.769230842590332;2022-06-25 04:45:04.266Z
-43.07692337036133;2022-06-25 04:50:04.585Z
188.4615478515625;2022-06-25 04:55:04.552Z
280.76922607421875;2022-06-25 05:00:04.831Z
9.230769157409668;2022-06-25 05:05:05.102Z
226.1538543701172;2022-06-25 05:10:05.388Z
320;2022-06-25 05:15:05.643Z
99.23077392578125;2022-06-25 05:20:05.928Z
237.6923065185547;2022-06-25 05:25:06.198Z
165.38461303710938;2022-06-25 05:30:06.482Z
26.153846740722656;2022-06-25 05:35:06.765Z
40.769229888916016;2022-06-25 05:40:07.062Z
189.23077392578125;2022-06-25 06:30:09.907Z
238.4615478515625;2022-06-25 06:35:10.172Z
159.23077392578125;2022-06-25 06:40:10.434Z
291.5384521484375;2022-06-25 06:45:10.842Z
330.76922607421875;2022-06-25 06:50:10.963Z
281.5384521484375;2022-06-25 06:55:11.241Z
197.6923065185547;2022-06-25 07:00:11.515Z
174.61538696289062;2022-06-25 07:05:11.799Z
84.61538696289062;2022-06-25 07:10:12.088Z
67.69230651855469;2022-06-25 07:15:12.363Z
41.5384635925293;2022-06-28 02:05:58.890Z
50;2022-06-28 02:06:29.032Z
36.153846740722656;2022-06-28 02:06:59.328Z
35.38461685180664;2022-06-28 02:07:29.472Z
40;2022-06-28 02:07:59.590Z
26.923076629638672;2022-06-28 02:08:29.713Z
30;2022-06-28 02:08:59.836Z
30.76923179626465;2022-06-28 02:09:01.871Z
42.30769348144531;2022-06-28 02:09:29.977Z
36.92307662963867;2022-06-28 02:10:00.104Z
11.538461685180664;2022-06-29 01:48:04.715Z
40.769229888916016;2022-06-29 01:48:34.860Z
23.076923370361328;2022-06-29 01:49:05.018Z
1.5384615659713745;2022-06-29 01:49:35.160Z
3.076923131942749;2022-06-29 01:50:05.286Z
16.153846740722656;2022-06-29 01:50:22.375Z
30.76923179626465;2022-06-29 01:50:35.431Z
56.153846740722656;2022-06-29 01:51:35.680Z
60.76923370361328;2022-06-29 01:52:05.816Z
55.38461685180664;2022-06-29 01:52:35.965Z
27.69230842590332;2022-06-29 01:53:06.101Z
44.615386962890625;2022-06-29 13:44:08.274Z
43.07692337036133;2022-06-29 13:44:38.397Z
35.38461685180664;2022-06-29 13:45:08.534Z
44.615386962890625;2022-06-29 13:46:38.984Z
31.538461685180664;2022-06-29 13:47:09.167Z
28.461538314819336;2022-06-29 13:47:39.303Z
21.538461685180664;2022-06-29 13:48:09.423Z
-23.846155166625977;2022-06-29 13:48:39.546Z
-66.92308044433594;2022-06-29 13:49:09.669Z
244.61538696289062;2022-06-29 20:16:24.825Z
109.23077392578125;2022-06-29 20:26:25.421Z
163.84616088867188;2022-06-29 20:31:25.683Z
118.46154022216797;2022-06-29 20:36:26.007Z
3.846153974533081;2022-06-29 20:41:26.216Z
22.307693481445312;2022-06-29 20:46:26.597Z
117.69230651855469;2022-06-29 20:51:26.751Z
162.3076934814453;2022-06-29 20:56:27.034Z
232.3076934814453;2022-06-29 21:01:27.329Z
196.92308044433594;2022-06-29 21:06:27.590Z
184.61538696289062;2022-06-29 21:11:27.895Z
310.76922607421875;2022-06-29 21:16:28.176Z
186.92308044433594;2022-06-29 21:21:28.459Z
93.0769271850586;2022-06-29 21:26:28.741Z
42.30769348144531;2022-06-29 21:31:29.056Z
2.307692289352417;2022-06-29 21:36:29.356Z
83.84615325927734;2022-06-29 21:41:29.662Z
164.61538696289062;2022-06-29 21:46:29.924Z
252.3076934814453;2022-06-29 21:51:30.191Z
325.3846130371094;2022-06-29 21:56:30.503Z
186.1538543701172;2022-06-29 22:01:30.821Z
159.23077392578125;2022-06-29 22:06:31.078Z
60.76923370361328;2022-06-29 22:11:31.367Z
6.153846263885498;2022-06-29 22:16:31.664Z
46.153846740722656;2022-06-29 22:26:32.253Z
129.23077392578125;2022-06-29 22:36:32.794Z
164.61538696289062;2022-06-29 22:41:33.065Z
321.5384521484375;2022-06-29 22:46:33.348Z
322.3077087402344;2022-06-29 22:51:33.634Z
255.38461303710938;2022-06-29 22:56:33.922Z
150;2022-06-29 23:01:34.208Z
105.3846206665039;2022-06-29 23:06:34.496Z
97.69230651855469;2022-06-29 23:11:34.773Z
138.4615478515625;2022-06-29 23:16:35.159Z
240.7692413330078;2022-06-29 23:21:35.314Z
257.69232177734375;2022-06-29 23:26:35.636Z
284.6153869628906;2022-06-29 23:31:35.922Z
235.38461303710938;2022-06-29 23:36:36.226Z
122.30769348144531;2022-06-29 23:41:36.482Z
71.53845977783203;2022-06-29 23:46:36.748Z
6.153846263885498;2022-06-29 23:51:37.041Z
71.53845977783203;2022-06-29 23:56:37.321Z
30;2022-06-30 00:01:37.622Z
128.4615478515625;2022-06-30 00:06:37.914Z
223.84616088867188;2022-06-30 00:11:38.190Z
261.5384521484375;2022-06-30 00:16:38.478Z
224.61538696289062;2022-06-30 00:26:39.041Z
90.76923370361328;2022-06-30 00:31:39.326Z
86.15384674072266;2022-06-30 00:36:39.603Z
198.4615478515625;2022-06-30 00:51:40.479Z
54.615386962890625;2022-06-30 01:29:38.596Z
45.38461685180664;2022-06-30 01:30:08.721Z
35.38461685180664;2022-06-30 01:30:38.899Z
43.846153259277344;2022-06-30 01:31:09.020Z
173.84616088867188;2022-06-30 02:16:44.736Z
155.38461303710938;2022-06-30 02:21:44.998Z
243.07693481445312;2022-06-30 02:36:45.792Z
280;2022-06-30 02:41:46.063Z
118.46154022216797;2022-06-30 02:46:46.363Z
63.846153259277344;2022-06-30 02:51:46.633Z
72.30769348144531;2022-06-30 02:56:46.929Z
46.92307662963867;2022-06-30 03:01:47.197Z
-20;2022-06-30 03:06:47.502Z
41.5384635925293;2022-06-30 03:11:47.782Z
119.23077392578125;2022-06-30 03:16:48.086Z
193.07691955566406;2022-06-30 03:21:48.412Z
275.3846130371094;2022-06-30 03:26:48.674Z
330.76922607421875;2022-06-30 03:31:48.959Z
273.8461608886719;2022-06-30 03:36:49.235Z
201.53846740722656;2022-06-30 03:41:49.554Z
266.1538391113281;2022-06-30 03:46:49.868Z
186.92308044433594;2022-06-30 03:51:50.168Z
211.53846740722656;2022-06-30 04:01:50.744Z
239.23077392578125;2022-06-30 04:06:51.037Z
289.23077392578125;2022-06-30 04:11:51.308Z
270.76922607421875;2022-06-30 04:16:51.702Z
173.84616088867188;2022-06-30 04:21:51.843Z
48.46154022216797;2022-06-30 04:36:52.693Z
70.76923370361328;2022-06-30 04:41:52.962Z
76.92308044433594;2022-06-30 04:46:53.233Z
196.1538543701172;2022-06-30 04:51:53.539Z
137.6923065185547;2022-06-30 05:01:54.144Z
142.3076934814453;2022-06-30 05:26:55.614Z
-55.38461685180664;2022-06-30 13:27:22.876Z
-47.69231033325195;2022-06-30 13:27:42.956Z
-18.461538314819336;2022-06-30 13:28:13.136Z
-5.384615421295166;2022-06-30 13:28:43.268Z
140.76922607421875;2022-07-01 10:13:33.137Z
236.92308044433594;2022-07-01 10:18:33.559Z
247.6923065185547;2022-07-01 10:23:33.706Z
138.4615478515625;2022-07-01 10:28:33.989Z
162.3076934814453;2022-07-01 10:33:34.297Z
130;2022-07-01 10:38:34.557Z
92.30769348144531;2022-07-01 10:43:34.868Z
88.46154022216797;2022-07-01 10:48:35.160Z
214.61538696289062;2022-07-01 11:18:36.926Z
128.4615478515625;2022-07-01 11:23:37.209Z
88.46154022216797;2022-07-01 11:28:37.518Z
46.153846740722656;2022-07-01 11:33:37.794Z
-20;2022-07-01 11:38:38.068Z
52.30769348144531;2022-07-01 11:43:38.369Z
150;2022-07-01 11:48:38.661Z
236.92308044433594;2022-07-01 11:53:38.938Z
198.4615478515625;2022-07-02 01:04:23.969Z
190.7692413330078;2022-07-02 01:09:24.349Z
331.5384826660156;2022-07-02 01:19:24.782Z
254.61538696289062;2022-07-02 01:24:25.061Z
204.61538696289062;2022-07-02 01:29:25.348Z
178.4615478515625;2022-07-02 01:34:25.666Z
134.61538696289062;2022-07-02 01:39:25.939Z
224.61538696289062;2022-07-02 01:49:26.507Z
221.53846740722656;2022-07-02 01:54:26.805Z
340;2022-07-02 01:59:27.102Z
279.23077392578125;2022-07-02 02:04:27.424Z
174.61538696289062;2022-07-02 02:09:27.715Z
88.46154022216797;2022-07-02 02:14:27.993Z
-13.84615421295166;2022-07-02 02:19:28.251Z
29.230770111083984;2022-07-02 02:24:28.515Z
70.76923370361328;2022-07-02 02:29:28.794Z
84.61538696289062;2022-07-02 02:34:29.087Z
260.76922607421875;2022-07-02 02:44:29.668Z
299.23077392578125;2022-07-02 02:49:29.942Z
305.3846130371094;2022-07-02 02:54:30.218Z
313.8461608886719;2022-07-02 02:59:30.475Z
179.23077392578125;2022-07-02 03:04:30.750Z
152.3076934814453;2022-07-02 03:09:31.033Z
111.53845977783203;2022-07-02 03:14:31.328Z
143.84616088867188;2022-07-02 03:19:31.630Z
248.4615478515625;2022-07-02 03:24:31.923Z
280;2022-07-02 03:29:32.171Z
303.8461608886719;2022-07-02 03:34:32.452Z
235.38461303710938;2022-07-02 03:39:32.833Z
178.4615478515625;2022-07-02 03:44:33.008Z
113.0769271850586;2022-07-02 03:49:33.289Z
55.38461685180664;2022-07-02 03:54:33.615Z
-16.153846740722656;2022-07-02 03:59:33.896Z
45.38461685180664;2022-07-02 04:04:34.166Z
116.15384674072266;2022-07-02 04:09:34.437Z
214.61538696289062;2022-07-02 04:14:34.718Z
173.84616088867188;2022-07-02 04:19:35.008Z
290;2022-07-02 04:24:35.280Z
313.0769348144531;2022-07-02 04:34:35.875Z
251.53846740722656;2022-07-02 04:39:36.183Z
211.53846740722656;2022-07-02 04:44:36.459Z
179.23077392578125;2022-07-02 04:54:37.076Z
209.23077392578125;2022-07-02 04:59:37.325Z
233.84616088867188;2022-07-02 05:04:37.624Z
244.61538696289062;2022-07-02 05:09:37.943Z
213.07691955566406;2022-07-02 05:14:38.216Z
126.15384674072266;2022-07-02 05:24:38.790Z
92.30769348144531;2022-07-02 05:29:39.073Z
30.76923179626465;2022-07-02 05:34:39.356Z
54.615386962890625;2022-07-02 05:39:39.651Z
109.23077392578125;2022-07-02 05:44:39.944Z
206.92308044433594;2022-07-02 05:49:40.254Z
216.1538543701172;2022-07-02 05:54:40.539Z
309.23077392578125;2022-07-02 05:59:40.823Z
308.4615478515625;2022-07-02 06:04:41.150Z
257.69232177734375;2022-07-02 06:09:41.489Z
203.07691955566406;2022-07-02 06:14:41.656Z
186.92308044433594;2022-07-02 06:19:41.944Z
125.3846206665039;2022-07-02 06:24:42.209Z
125.3846206665039;2022-07-02 06:29:42.479Z
149.23077392578125;2022-07-02 06:34:42.776Z
164.61538696289062;2022-07-02 06:39:43.038Z
189.23077392578125;2022-07-02 06:44:43.325Z
219.23077392578125;2022-07-02 06:49:43.602Z
224.61538696289062;2022-07-02 06:54:43.876Z
126.92308044433594;2022-07-02 07:04:44.441Z
80;2022-07-02 07:09:44.717Z
48.46154022216797;2022-07-02 07:19:45.319Z
153.84616088867188;2022-07-02 07:24:45.615Z
219.23077392578125;2022-07-02 07:29:45.933Z
293.0769348144531;2022-07-02 07:34:46.215Z
315.3846130371094;2022-07-02 07:39:46.500Z
272.3077087402344;2022-07-02 07:44:46.799Z
213.07691955566406;2022-07-02 07:49:47.098Z
144.61538696289062;2022-07-02 07:54:47.388Z
87.69230651855469;2022-07-02 07:59:47.687Z
69.23077392578125;2022-07-02 08:04:47.949Z
72.30769348144531;2022-07-02 08:09:48.223Z
105.3846206665039;2022-07-02 08:14:48.495Z
164.61538696289062;2022-07-02 08:19:48.785Z
198.4615478515625;2022-07-02 08:24:49.089Z
178.4615478515625;2022-07-02 08:29:49.370Z
161.53846740722656;2022-07-02 08:34:49.659Z
126.15384674072266;2022-07-02 08:39:50.092Z
63.846153259277344;2022-07-02 08:44:50.219Z
39.230770111083984;2022-07-02 08:49:50.496Z
31.538461685180664;2022-07-02 08:54:50.775Z
116.15384674072266;2022-07-02 08:59:51.054Z
179.23077392578125;2022-07-02 09:04:51.326Z
321.5384521484375;2022-07-02 09:09:51.627Z
273.0769348144531;2022-07-02 09:14:51.917Z
203.07691955566406;2022-07-02 09:19:52.181Z
195.38461303710938;2022-07-02 09:24:52.463Z
143.07691955566406;2022-07-02 09:29:52.737Z
69.23077392578125;2022-07-02 09:34:53.061Z
19.230770111083984;2022-07-02 09:44:53.615Z
65.38461303710938;2022-07-02 09:49:53.914Z
159.23077392578125;2022-07-02 09:54:54.226Z
189.23077392578125;2022-07-02 10:04:54.822Z
243.84616088867188;2022-07-02 10:09:55.138Z
215.38461303710938;2022-07-02 10:14:55.406Z
146.92308044433594;2022-07-02 10:19:55.706Z
226.92308044433594;2022-07-02 10:34:56.543Z
187.6923065185547;2022-07-02 10:39:56.819Z
253.84616088867188;2022-07-02 10:44:57.130Z
314.6153869628906;2022-07-02 10:49:57.396Z
235.38461303710938;2022-07-02 10:54:57.676Z
142.3076934814453;2022-07-02 10:59:57.959Z
74.61538696289062;2022-07-02 11:04:58.274Z
41.5384635925293;2022-07-02 11:14:58.789Z
176.1538543701172;2022-07-02 11:29:59.673Z
267.69232177734375;2022-07-02 11:34:59.979Z
240;2022-07-02 11:40:00.239Z
289.23077392578125;2022-07-02 11:45:00.570Z
251.53846740722656;2022-07-02 11:50:00.825Z
49.230770111083984;2022-07-02 12:00:01.405Z
135.38461303710938;2022-07-02 12:05:01.719Z
198.4615478515625;2022-07-02 12:10:02.002Z
216.1538543701172;2022-07-02 12:15:02.292Z
331.5384826660156;2022-07-02 12:20:02.575Z
175.38461303710938;2022-07-02 12:25:02.870Z
182.3076934814453;2022-07-02 12:30:03.157Z
190;2022-07-02 12:35:03.480Z
119.23077392578125;2022-07-02 12:40:03.777Z
60.76923370361328;2022-07-02 12:45:04.090Z
-16.153846740722656;2022-07-02 12:50:04.383Z
28.461538314819336;2022-07-02 12:55:04.656Z
83.84615325927734;2022-07-02 13:00:04.940Z
197.6923065185547;2022-07-02 13:05:05.249Z
230;2022-07-02 13:10:05.512Z
244.61538696289062;2022-07-02 13:15:05.807Z
325.3846130371094;2022-07-02 13:20:06.086Z
217.6923065185547;2022-07-02 13:25:06.378Z
149.23077392578125;2022-07-02 13:30:06.654Z
115.3846206665039;2022-07-02 13:35:06.939Z
158.4615478515625;2022-07-02 13:40:07.323Z
314.6153869628906;2022-07-02 13:50:07.733Z
270.76922607421875;2022-07-02 13:55:08.034Z
193.84616088867188;2022-07-02 14:00:08.334Z
224.61538696289062;2022-07-02 14:05:08.597Z
190;2022-07-02 14:10:08.890Z
110.76923370361328;2022-07-02 14:15:09.148Z
40.769229888916016;2022-07-02 14:20:09.421Z
23.846155166625977;2022-07-02 14:25:09.707Z
40;2022-07-02 14:30:09.978Z
123.0769271850586;2022-07-02 14:35:10.260Z
230.7692413330078;2022-07-02 14:40:10.520Z
287.69232177734375;2022-07-02 14:45:10.811Z
296.923095703125;2022-07-02 14:50:11.084Z
336.1538391113281;2022-07-02 14:55:11.383Z
261.5384521484375;2022-07-02 15:00:11.633Z
163.07691955566406;2022-07-02 15:05:11.901Z
107.69230651855469;2022-07-02 15:10:12.179Z
208.4615478515625;2022-07-02 15:15:12.453Z
236.92308044433594;2022-07-02 15:20:12.694Z
295.3846130371094;2022-07-02 15:25:13.020Z
289.23077392578125;2022-07-02 15:30:13.311Z
283.0769348144531;2022-07-02 15:35:13.610Z
264.6153869628906;2022-07-02 15:40:13.878Z
206.92308044433594;2022-07-02 15:45:14.190Z
124.61538696289062;2022-07-02 15:50:14.483Z
45.38461685180664;2022-07-02 16:00:15.037Z
131.53846740722656;2022-07-02 16:10:15.751Z
193.84616088867188;2022-07-02 16:15:15.925Z
325.3846130371094;2022-07-02 16:25:16.527Z
280;2022-07-02 16:30:16.798Z
176.92308044433594;2022-07-02 16:40:17.381Z
156.1538543701172;2022-07-02 16:45:17.685Z
259.23077392578125;2022-07-02 16:50:17.953Z
280;2022-07-02 16:55:18.220Z
270;2022-07-02 17:00:18.528Z
309.23077392578125;2022-07-02 17:05:18.811Z
306.1538391113281;2022-07-02 17:10:19.089Z
250.7692413330078;2022-07-02 17:15:19.413Z
189.23077392578125;2022-07-02 17:20:19.665Z
63.846153259277344;2022-07-02 17:30:20.257Z
26.153846740722656;2022-07-02 22:50:38.157Z
67.69230651855469;2022-07-02 22:55:38.189Z
66.92308044433594;2022-07-02 23:00:38.457Z
136.1538543701172;2022-07-02 23:05:38.779Z
199.23077392578125;2022-07-02 23:10:39.073Z
196.1538543701172;2022-07-02 23:15:39.370Z
244.61538696289062;2022-07-02 23:20:39.665Z
280;2022-07-02 23:25:39.959Z
286.1538391113281;2022-07-02 23:30:40.238Z
200;2022-07-02 23:35:40.543Z
128.4615478515625;2022-07-02 23:40:40.924Z
101.53845977783203;2022-07-02 23:45:41.085Z
142.3076934814453;2022-07-02 23:50:41.368Z
206.92308044433594;2022-07-02 23:55:41.679Z
277.69232177734375;2022-07-03 00:00:42.001Z
250.7692413330078;2022-07-03 00:10:42.584Z
153.07691955566406;2022-07-03 00:15:42.840Z
62.30769348144531;2022-07-03 00:20:43.115Z
45.38461685180664;2022-07-03 00:25:43.415Z
61.5384635925293;2022-07-03 00:30:43.696Z
70;2022-07-03 00:35:43.980Z
96.92308044433594;2022-07-03 00:40:44.264Z
186.92308044433594;2022-07-03 00:45:44.563Z
222.3076934814453;2022-07-03 00:50:44.841Z
302.3077087402344;2022-07-03 00:55:45.138Z
289.23077392578125;2022-07-03 01:00:45.393Z
276.1538391113281;2022-07-03 01:05:45.681Z
233.07693481445312;2022-07-03 01:10:45.983Z
153.84616088867188;2022-07-03 01:15:46.228Z
133.07691955566406;2022-07-03 01:20:46.506Z
187.6923065185547;2022-07-03 01:25:46.798Z
256.923095703125;2022-07-03 01:30:47.088Z
283.8461608886719;2022-07-03 01:35:47.405Z
246.92308044433594;2022-07-03 01:45:47.962Z
143.84616088867188;2022-07-03 01:50:48.240Z
73.0769271850586;2022-07-03 01:55:48.531Z
46.92307662963867;2022-07-03 02:00:48.812Z
23.076923370361328;2022-07-03 02:05:49.111Z
43.846153259277344;2022-07-03 02:10:49.554Z
118.46154022216797;2022-07-03 02:15:49.743Z
206.1538543701172;2022-07-03 02:20:50.030Z
256.1538391113281;2022-07-03 02:25:50.295Z
318.4615478515625;2022-07-03 02:30:50.564Z
304.6153869628906;2022-07-03 02:35:50.863Z
265.3846130371094;2022-07-03 02:40:51.125Z
253.07693481445312;2022-07-03 02:45:51.440Z
190;2022-07-03 02:50:51.727Z
150.76922607421875;2022-07-03 02:55:52.018Z
206.92308044433594;2022-07-03 03:00:52.280Z
269.23077392578125;2022-07-03 03:05:52.551Z
292.3077087402344;2022-07-03 03:10:52.841Z
270.76922607421875;2022-07-03 03:15:53.135Z
221.53846740722656;2022-07-03 03:20:53.375Z
144.61538696289062;2022-07-03 03:25:53.644Z
83.84615325927734;2022-07-03 03:30:53.937Z
50.769229888916016;2022-07-03 03:35:54.219Z
28.461538314819336;2022-07-03 03:40:54.490Z
40.769229888916016;2022-07-03 03:45:54.779Z
152.3076934814453;2022-07-03 03:50:55.069Z
218.4615478515625;2022-07-03 03:55:55.329Z
231.53846740722656;2022-07-03 04:00:55.598Z
293.0769348144531;2022-07-03 04:05:55.904Z
289.23077392578125;2022-07-03 04:10:56.196Z
309.23077392578125;2022-07-03 04:15:56.497Z
286.923095703125;2022-07-03 04:20:56.776Z
208.4615478515625;2022-07-03 04:25:57.061Z
165.38461303710938;2022-07-03 04:30:57.319Z
200.7692413330078;2022-07-03 04:35:57.581Z
211.53846740722656;2022-07-03 04:40:57.971Z
221.53846740722656;2022-07-03 04:45:58.113Z
242.3076934814453;2022-07-03 04:50:58.388Z
211.53846740722656;2022-07-03 04:55:58.666Z
168.4615478515625;2022-07-03 05:00:58.988Z
100;2022-07-03 05:05:59.271Z
52.30769348144531;2022-07-03 05:10:59.546Z
41.5384635925293;2022-07-03 05:15:59.845Z
69.23077392578125;2022-07-03 05:21:00.119Z
186.92308044433594;2022-07-03 05:26:00.394Z
260.76922607421875;2022-07-03 05:31:00.669Z
240.7692413330078;2022-07-03 05:36:00.986Z
266.923095703125;2022-07-03 05:41:01.240Z
292.3077087402344;2022-07-03 05:46:01.526Z
322.3077087402344;2022-07-03 05:51:01.816Z
247.6923065185547;2022-07-03 05:56:02.115Z
145.38461303710938;2022-07-03 06:06:02.685Z
173.07691955566406;2022-07-03 06:11:02.965Z
186.92308044433594;2022-07-03 06:16:03.291Z
182.3076934814453;2022-07-03 06:21:03.585Z
177.6923065185547;2022-07-03 06:26:03.880Z
178.4615478515625;2022-07-03 06:31:04.178Z
167.6923065185547;2022-07-03 06:36:04.451Z
127.69230651855469;2022-07-03 06:41:04.716Z
80.76923370361328;2022-07-03 06:46:05.034Z
63.846153259277344;2022-07-03 06:51:05.279Z
113.84615325927734;2022-07-03 06:56:05.584Z
146.92308044433594;2022-07-03 07:01:05.885Z
226.92308044433594;2022-07-03 07:11:06.504Z
293.8461608886719;2022-07-03 07:16:06.665Z
314.6153869628906;2022-07-03 07:21:06.965Z
293.8461608886719;2022-07-03 07:26:07.248Z
106.15384674072266;2022-07-03 07:41:08.054Z
111.53845977783203;2022-07-03 07:46:08.355Z
104.61538696289062;2022-07-03 07:51:08.657Z
106.92308044433594;2022-07-03 07:56:08.946Z
147.6923065185547;2022-07-03 08:01:09.222Z
47.69231033325195;2022-07-03 14:03:52.319Z
303.0769348144531;2022-07-04 01:12:07.661Z
280;2022-07-04 01:17:07.919Z
323.0769348144531;2022-07-04 01:22:08.216Z
206.92308044433594;2022-07-04 01:27:08.480Z
100;2022-07-04 01:32:08.760Z
44.615386962890625;2022-07-04 01:37:09.061Z
46.92307662963867;2022-07-04 01:42:09.313Z
21.538461685180664;2022-07-04 01:43:21.666Z
27.69230842590332;2022-07-04 01:45:22.174Z
46.92307662963867;2022-07-04 01:46:22.440Z
56.153846740722656;2022-07-04 01:47:09.675Z
56.153846740722656;2022-07-04 01:47:09.675Z
57.69231033325195;2022-07-04 01:47:22.769Z
53.846153259277344;2022-07-04 01:47:52.884Z
54.615386962890625;2022-07-04 01:48:23.021Z
75.38461303710938;2022-07-04 01:52:10.026Z
152.3076934814453;2022-07-04 01:57:10.300Z
263.8461608886719;2022-07-04 02:02:10.575Z
231.53846740722656;2022-07-04 02:07:10.860Z
275.3846130371094;2022-07-04 02:12:11.136Z
154.61538696289062;2022-07-04 02:32:12.305Z
169.23077392578125;2022-07-04 02:37:12.578Z
240;2022-07-04 02:42:12.851Z
270;2022-07-04 02:47:13.156Z
310;2022-07-04 02:52:13.448Z
284.6153869628906;2022-07-04 02:57:13.733Z
184.61538696289062;2022-07-04 03:02:14.026Z
120;2022-07-04 03:07:14.311Z
45.38461685180664;2022-07-04 03:12:14.690Z
31.538461685180664;2022-07-04 03:17:14.847Z
43.07692337036133;2022-07-04 03:22:15.155Z
69.23077392578125;2022-07-04 03:27:15.432Z
188.4615478515625;2022-07-04 03:32:15.732Z
287.69232177734375;2022-07-04 03:42:16.318Z
303.8461608886719;2022-07-04 03:47:16.617Z
148.4615478515625;2022-07-04 04:12:18.098Z
200.7692413330078;2022-07-04 04:17:18.381Z
259.23077392578125;2022-07-04 04:22:18.680Z
281.5384521484375;2022-07-04 04:27:18.980Z
225.38461303710938;2022-07-04 04:32:19.272Z
178.4615478515625;2022-07-04 04:37:19.551Z
135.38461303710938;2022-07-04 04:42:19.833Z
85.3846206665039;2022-07-04 04:47:20.097Z
46.92307662963867;2022-07-04 04:52:20.391Z
36.92307662963867;2022-07-04 04:57:20.695Z
83.0769271850586;2022-07-04 05:02:20.998Z
194.61538696289062;2022-07-04 05:07:21.259Z
256.1538391113281;2022-07-04 05:12:21.544Z
273.8461608886719;2022-07-04 05:17:21.847Z
55.38461685180664;2022-07-04 13:40:56.506Z
52.30769348144531;2022-07-04 13:41:26.643Z
56.153846740722656;2022-07-04 13:42:57.022Z
43.846153259277344;2022-07-04 13:43:27.141Z
32.30769348144531;2022-07-04 13:43:57.269Z
10.769230842590332;2022-07-04 13:44:27.448Z
6.153846263885498;2022-07-04 13:44:57.573Z
16.923076629638672;2022-07-04 13:45:27.696Z
28.461538314819336;2022-07-04 13:45:57.876Z
41.5384635925293;2022-07-05 01:26:00.435Z
36.92307662963867;2022-07-05 01:26:30.554Z
21.538461685180664;2022-07-05 01:27:00.715Z
49.230770111083984;2022-07-06 14:36:33.425Z
55.38461685180664;2022-07-06 14:37:03.554Z
29.230770111083984;2022-07-06 14:38:34.008Z
31.538461685180664;2022-07-06 14:41:04.771Z
-26.923076629638672;2022-07-07 02:17:33.074Z
-0.7692307829856873;2022-07-07 02:18:33.351Z
-28.461538314819336;2022-07-07 02:19:33.629Z
-3.846153974533081;2022-07-07 02:20:03.755Z
36.92307662963867;2022-07-07 02:20:33.883Z
44.615386962890625;2022-07-07 02:21:04.028Z
33.07692337036133;2022-07-07 02:21:34.166Z
26.153846740722656;2022-07-07 02:22:04.292Z
30;2022-07-07 02:22:34.410Z
30.76923179626465;2022-07-07 02:23:04.545Z
-2.307692289352417;2022-07-07 02:23:34.672Z
-28.461538314819336;2022-07-07 02:24:04.796Z
-15.384615898132324;2022-07-07 02:24:34.921Z
34.615386962890625;2022-07-08 01:57:37.589Z
40.769229888916016;2022-07-08 01:58:07.736Z
23.076923370361328;2022-07-08 01:59:08.043Z
30;2022-07-08 01:59:38.171Z
46.153846740722656;2022-07-08 02:00:38.426Z
44.615386962890625;2022-07-08 02:01:08.547Z
29.230770111083984;2022-07-08 02:02:08.867Z
10;2022-07-08 02:02:39.002Z
7.692307949066162;2022-07-08 02:02:39.128Z
21.538461685180664;2022-07-08 02:03:09.128Z
36.153846740722656;2022-07-08 02:03:39.270Z
-16.923076629638672;2022-07-09 01:38:42.596Z
-21.538461685180664;2022-07-09 01:38:59.689Z
-25.384614944458008;2022-07-09 01:39:12.789Z
-34.615386962890625;2022-07-09 01:39:42.932Z
-50.769229888916016;2022-07-09 01:40:13.058Z
-48.46154022216797;2022-07-09 01:40:43.186Z
-30;2022-07-09 01:41:13.320Z
-2.307692289352417;2022-07-09 01:41:43.441Z
16.153846740722656;2022-07-09 01:42:13.561Z
25.384614944458008;2022-07-09 01:42:43.702Z
36.153846740722656;2022-07-09 01:43:13.820Z
53.07692337036133;2022-07-09 01:43:43.985Z
10;2022-07-09 13:36:17.200Z
3.076923131942749;2022-07-09 13:39:41.126Z
-10.769230842590332;2022-07-09 13:39:48.159Z
-37.69230651855469;2022-07-09 13:40:18.355Z
-46.92307662963867;2022-07-09 13:40:48.482Z
-30.76923179626465;2022-07-09 13:41:18.615Z